Imagem,Classe,Confianca,x1,y1,x2,y2,Recorte
PXJ-8271-4-_jpg.rf.52d2f50e206bd6575117b86e1bdbe98d.jpg,placa,0.8127507567405701,209,354,464,475,PXJ-8271-4-_jpg.rf.52d2f50e206bd6575117b86e1bdbe98d_placa_1.jpg
137_jpg.rf.532cef6e3efed680df8242f7f33bf170.jpg,placa,0.8981918692588806,379,398,424,428,137_jpg.rf.532cef6e3efed680df8242f7f33bf170_placa_1.jpg
400_jpg.rf.4091d2046cd84961a30e4c12b86a37fc.jpg,placa,0.8491462469100952,350,348,405,380,400_jpg.rf.4091d2046cd84961a30e4c12b86a37fc_placa_1.jpg
1034_jpg.rf.9bfc3ba376e686e12e40593a5fd6da47.jpg,placa,0.9004775285720825,404,145,437,170,1034_jpg.rf.9bfc3ba376e686e12e40593a5fd6da47_placa_1.jpg
666_jpg.rf.fb4a921402c324ae3e7377614d86204e.jpg,placa,0.885936439037323,350,408,391,442,666_jpg.rf.fb4a921402c324ae3e7377614d86204e_placa_1.jpg
809_jpg.rf.c3db3d8c9dde5b8626896ccf6c2c35d2.jpg,placa,0.9258030652999878,191,210,267,273,809_jpg.rf.c3db3d8c9dde5b8626896ccf6c2c35d2_placa_1.jpg
OXI-8882-4-_jpg.rf.8a766d45347450dd82cd514fc985185c.jpg,placa,0.8680658340454102,234,329,426,406,OXI-8882-4-_jpg.rf.8a766d45347450dd82cd514fc985185c_placa_1.jpg
LQQ-5578_jpg.rf.acfdba9fe4434ca3ce044b4efc75f95f.jpg,placa,0.8455223441123962,182,385,432,575,LQQ-5578_jpg.rf.acfdba9fe4434ca3ce044b4efc75f95f_placa_1.jpg
treino-364-_jpg.rf.9c23f3b63c2868bed8760262558c4b05.jpg,placa,0.8991726040840149,157,303,255,366,treino-364-_jpg.rf.9c23f3b63c2868bed8760262558c4b05_placa_1.jpg
treino-146-_jpg.rf.7ef324c6258ff38614488aba3912c6b6.jpg,placa,0.9108985662460327,217,384,330,441,treino-146-_jpg.rf.7ef324c6258ff38614488aba3912c6b6_placa_1.jpg
treino-146-_jpg.rf.7ef324c6258ff38614488aba3912c6b6.jpg,placa,0.31017056107521057,592,288,634,311,treino-146-_jpg.rf.7ef324c6258ff38614488aba3912c6b6_placa_2.jpg
LPO-1876_jpg.rf.85b8af875b0fba459a491db3794bcddd.jpg,placa,0.8423998951911926,130,420,329,546,LPO-1876_jpg.rf.85b8af875b0fba459a491db3794bcddd_placa_1.jpg
LSV-0458_jpg.rf.4577d1c7419c051fc1b331f65cb372d6.jpg,placa,0.8033385276794434,268,88,494,269,LSV-0458_jpg.rf.4577d1c7419c051fc1b331f65cb372d6_placa_1.jpg
treino-414-_jpg.rf.59b9a7dcf1686f970cce9ff83d5aec2e.jpg,placa,0.8238320350646973,251,405,356,456,treino-414-_jpg.rf.59b9a7dcf1686f970cce9ff83d5aec2e_placa_1.jpg
184_jpg.rf.b6b6042da67d334fb29731a1083c67b4.jpg,placa,0.8943014144897461,217,303,272,338,184_jpg.rf.b6b6042da67d334fb29731a1083c67b4_placa_1.jpg
370_jpg.rf.728443fc7d8057f0a3faf45863095897.jpg,placa,0.8816462159156799,469,297,503,316,370_jpg.rf.728443fc7d8057f0a3faf45863095897_placa_1.jpg
113_jpg.rf.1c65c487eecb748d3e2d489aed46b8ad.jpg,placa,0.8867804408073425,273,318,341,359,113_jpg.rf.1c65c487eecb748d3e2d489aed46b8ad_placa_1.jpg
KOR-9948_jpg.rf.015002ba0abba4cb84d6e0e438a4d60a.jpg,placa,0.7362445592880249,76,37,334,336,KOR-9948_jpg.rf.015002ba0abba4cb84d6e0e438a4d60a_placa_1.jpg
266_jpg.rf.e5a14668122203ff92391c863f9492ce.jpg,placa,0.8591999411582947,395,292,460,327,266_jpg.rf.e5a14668122203ff92391c863f9492ce_placa_1.jpg
treino-104-_jpg.rf.d61b6437db269ed4545d15e29200690b.jpg,placa,0.8962234854698181,254,502,417,579,treino-104-_jpg.rf.d61b6437db269ed4545d15e29200690b_placa_1.jpg
KPJ-8380-2-_jpg.rf.3c42d40e8b5cb9bca06cbe895b46b1a8.jpg,placa,0.8070207834243774,204,386,414,576,KPJ-8380-2-_jpg.rf.3c42d40e8b5cb9bca06cbe895b46b1a8_placa_1.jpg
PGB-1924-2-_jpg.rf.06fcd5484590291e71ee4d47e899e1de.jpg,placa,0.8491053581237793,155,339,460,481,PGB-1924-2-_jpg.rf.06fcd5484590291e71ee4d47e899e1de_placa_1.jpg
treino-155-_jpg.rf.bff6469ac3e1c3432705a8fc1a2005a8.jpg,placa,0.8688817024230957,237,442,400,521,treino-155-_jpg.rf.bff6469ac3e1c3432705a8fc1a2005a8_placa_1.jpg
135_jpg.rf.b2f1999538b5ead97917cad359bbbf07.jpg,placa,0.8717544674873352,374,359,428,389,135_jpg.rf.b2f1999538b5ead97917cad359bbbf07_placa_1.jpg
treino-49-_jpg.rf.8eadefe09850d538753347e5e60c9028.jpg,placa,0.8932860493659973,258,379,360,429,treino-49-_jpg.rf.8eadefe09850d538753347e5e60c9028_placa_1.jpg
CLJ-7888_JPG_jpg.rf.1698d27f9caa9faf4c79e5f9516ef624.jpg,placa,0.8172083497047424,198,243,529,571,CLJ-7888_JPG_jpg.rf.1698d27f9caa9faf4c79e5f9516ef624_placa_1.jpg
LAE-1017_jpg.rf.a7b05b52125ba006dd572d481a3ce5c4.jpg,placa,0.7437898516654968,155,366,336,528,LAE-1017_jpg.rf.a7b05b52125ba006dd572d481a3ce5c4_placa_1.jpg
AH32F37_motorcycle_20240726074901937_jpg.rf.e7790c6051ea9bbba6a27c03c38edd8b.jpg,placa,0.6170153617858887,29,171,76,197,AH32F37_motorcycle_20240726074901937_jpg.rf.e7790c6051ea9bbba6a27c03c38edd8b_placa_1.jpg
PFF-7622-2-_jpg.rf.9f33b6183affa21ce316983054b075b9.jpg,placa,0.8555358052253723,83,305,448,472,PFF-7622-2-_jpg.rf.9f33b6183affa21ce316983054b075b9_placa_1.jpg
LLT-8634_jpg.rf.92c5f45082289de2aeddf1a3c04481c8.jpg,placa,0.7517666816711426,196,281,314,392,LLT-8634_jpg.rf.92c5f45082289de2aeddf1a3c04481c8_placa_1.jpg
64_jpg.rf.b5f25ef25e8d1e81efb79f6d8940abf9.jpg,placa,0.859234631061554,404,281,468,319,64_jpg.rf.b5f25ef25e8d1e81efb79f6d8940abf9_placa_1.jpg
LQG-2266_jpg.rf.99ed2da9860ec2a6d2961220479de965.jpg,placa,0.7857401371002197,83,200,223,349,LQG-2266_jpg.rf.99ed2da9860ec2a6d2961220479de965_placa_1.jpg
HNK-7624_jpg.rf.d82001ce8f5ed18cfbdca8635e9d59ae.jpg,placa,0.8618612885475159,271,364,441,474,HNK-7624_jpg.rf.d82001ce8f5ed18cfbdca8635e9d59ae_placa_1.jpg
treino-138-_jpg.rf.bb11c413abfa4e6c9bf3359721a965db.jpg,placa,0.874523401260376,215,443,360,515,treino-138-_jpg.rf.bb11c413abfa4e6c9bf3359721a965db_placa_1.jpg
931_jpg.rf.c52c4f3a1ef2ef52cc7ee64f758ad824.jpg,placa,0.8788785934448242,366,221,403,251,931_jpg.rf.c52c4f3a1ef2ef52cc7ee64f758ad824_placa_1.jpg
OXI-8882-5-_jpg.rf.cfdb1410608f37ace11fd33981ddc39a.jpg,placa,0.8555127382278442,231,368,414,475,OXI-8882-5-_jpg.rf.cfdb1410608f37ace11fd33981ddc39a_placa_1.jpg
treino-127-_jpg.rf.1f52a0aeec2cfaa94080d8ce03a86418.jpg,placa,0.8762316703796387,244,567,429,640,treino-127-_jpg.rf.1f52a0aeec2cfaa94080d8ce03a86418_placa_1.jpg
591_jpg.rf.2095d255c2b62194ded259dbdc752512.jpg,placa,0.8740087747573853,387,273,455,315,591_jpg.rf.2095d255c2b62194ded259dbdc752512_placa_1.jpg
LNE-5119_jpg.rf.9ce9910637a61931c532002661506635.jpg,placa,0.8096115589141846,136,268,286,377,LNE-5119_jpg.rf.9ce9910637a61931c532002661506635_placa_1.jpg
202_jpg.rf.9de3d07817fb398b2e476c798968d081.jpg,placa,0.8765971660614014,351,259,420,301,202_jpg.rf.9de3d07817fb398b2e476c798968d081_placa_1.jpg
treino-191-_jpg.rf.7d754cacf93efdcb67334839d18e91bd.jpg,placa,0.89026939868927,240,468,424,549,treino-191-_jpg.rf.7d754cacf93efdcb67334839d18e91bd_placa_1.jpg
104_jpg.rf.f55b06699cd73e88fd8fcd03811304ef.jpg,placa,0.8570569753646851,480,299,513,319,104_jpg.rf.f55b06699cd73e88fd8fcd03811304ef_placa_1.jpg
KXK-5970_jpg.rf.89a8d678ae0cf7cbf12cd1283f04e7da.jpg,placa,0.8319568037986755,155,333,398,560,KXK-5970_jpg.rf.89a8d678ae0cf7cbf12cd1283f04e7da_placa_1.jpg
AFN8443_sedan_20240725164743980_jpg.rf.54224b68f82f92fd42266407a99eed37.jpg,placa,0.8116294145584106,55,88,100,107,AFN8443_sedan_20240725164743980_jpg.rf.54224b68f82f92fd42266407a99eed37_placa_1.jpg
PXJ-8271--4-_jpg.rf.c1fb820f0218bfdf4b9c67803aefd5d9.jpg,placa,0.7976015210151672,138,237,297,304,PXJ-8271--4-_jpg.rf.c1fb820f0218bfdf4b9c67803aefd5d9_placa_1.jpg
OXI-8882-3-_jpg.rf.304c909b815506cf8d64df83b92e41b3.jpg,placa,0.870076596736908,208,292,391,379,OXI-8882-3-_jpg.rf.304c909b815506cf8d64df83b92e41b3_placa_1.jpg
960_jpg.rf.e0f93bd0eadf2c2e585927c2d3d9bb89.jpg,placa,0.8811463117599487,348,218,383,246,960_jpg.rf.e0f93bd0eadf2c2e585927c2d3d9bb89_placa_1.jpg
765_jpg.rf.38242c93b9fee0a2676cf3e9d213e7ef.jpg,placa,0.9357805252075195,268,365,342,430,765_jpg.rf.38242c93b9fee0a2676cf3e9d213e7ef_placa_1.jpg
200_jpg.rf.e03edcd046eb670200c8866d6c0b28c8.jpg,placa,0.8799113035202026,352,365,421,407,200_jpg.rf.e03edcd046eb670200c8866d6c0b28c8_placa_1.jpg
treino-287-_jpg.rf.085049e7e8088a0a14a3861ca7535366.jpg,placa,0.9043238162994385,267,390,394,447,treino-287-_jpg.rf.085049e7e8088a0a14a3861ca7535366_placa_1.jpg
284_jpg.rf.ea8f4a17f03521787c562c02aecf5bb3.jpg,placa,0.8837395906448364,196,307,241,340,284_jpg.rf.ea8f4a17f03521787c562c02aecf5bb3_placa_1.jpg
LSJ-7104_jpg.rf.cdfd7df0740496e520dd1ddab834b7b7.jpg,placa,0.8457282185554504,229,277,414,410,LSJ-7104_jpg.rf.cdfd7df0740496e520dd1ddab834b7b7_placa_1.jpg
OXI-8882-8-_jpg.rf.32395b1a3a4bf62acfce358c5d86e99c.jpg,placa,0.8657848834991455,237,334,450,421,OXI-8882-8-_jpg.rf.32395b1a3a4bf62acfce358c5d86e99c_placa_1.jpg
LRK-7301-3-_jpg.rf.79f4b95e41858ea549d31889e241c206.jpg,placa,0.8341205716133118,222,444,463,619,LRK-7301-3-_jpg.rf.79f4b95e41858ea549d31889e241c206_placa_1.jpg
treino-6-_jpg.rf.8fc5727ca05cc99b21029227013160f4.jpg,placa,0.8613637685775757,231,301,411,384,treino-6-_jpg.rf.8fc5727ca05cc99b21029227013160f4_placa_1.jpg
PGR-8325-2-_jpg.rf.bae131caee192dfe0ee45a1e6bc7ced2.jpg,placa,0.8285365104675293,164,350,499,517,PGR-8325-2-_jpg.rf.bae131caee192dfe0ee45a1e6bc7ced2_placa_1.jpg
KRY-2202-2-_jpg.rf.c83039bf0b2cb10e59cea7a456b8b244.jpg,placa,0.8336566090583801,145,442,522,600,KRY-2202-2-_jpg.rf.c83039bf0b2cb10e59cea7a456b8b244_placa_1.jpg
LVD-4828_jpg.rf.9d2c5c60c46401de727af493459aa2a1.jpg,placa,0.7593967914581299,109,111,212,228,LVD-4828_jpg.rf.9d2c5c60c46401de727af493459aa2a1_placa_1.jpg
492_jpg.rf.c7b51aeb25e8c73c399cd72fae329191.jpg,placa,0.8699007034301758,343,314,402,345,492_jpg.rf.c7b51aeb25e8c73c399cd72fae329191_placa_1.jpg
174_jpg.rf.830d6007298a3ac923ccaf6df4d2610e.jpg,placa,0.8880523443222046,444,293,490,322,174_jpg.rf.830d6007298a3ac923ccaf6df4d2610e_placa_1.jpg
treino-94-_jpg.rf.6a366a8e94cb8d305eab124fadbd2084.jpg,placa,0.8879587650299072,252,439,371,493,treino-94-_jpg.rf.6a366a8e94cb8d305eab124fadbd2084_placa_1.jpg
AXR0525_sedan_20240727064135228_jpg.rf.1775b5083922ee08ad862d9c870a614a.jpg,placa,0.8427873253822327,51,100,91,116,AXR0525_sedan_20240727064135228_jpg.rf.1775b5083922ee08ad862d9c870a614a_placa_1.jpg
PXK-0480-4-_jpg.rf.ee1b6911a111f312aee5c81f293227ad.jpg,placa,0.8336048126220703,196,313,463,434,PXK-0480-4-_jpg.rf.ee1b6911a111f312aee5c81f293227ad_placa_1.jpg
545_jpg.rf.d292197ebf7156038d4139dda30fbc91.jpg,placa,0.9107187986373901,339,387,411,430,545_jpg.rf.d292197ebf7156038d4139dda30fbc91_placa_1.jpg
124_jpg.rf.29c85209c603266fbca3315c6da018c7.jpg,placa,0.8688878417015076,351,341,427,381,124_jpg.rf.29c85209c603266fbca3315c6da018c7_placa_1.jpg
822_jpg.rf.f7ac3650c2dee93d2b8f49ba43b9a2c4.jpg,placa,0.9354029893875122,216,302,286,369,822_jpg.rf.f7ac3650c2dee93d2b8f49ba43b9a2c4_placa_1.jpg
KYU-3725_jpg.rf.b7aef720bd311f286e693400df50cff7.jpg,placa,0.8119542598724365,225,425,474,620,KYU-3725_jpg.rf.b7aef720bd311f286e693400df50cff7_placa_1.jpg
LRL-9445_jpg.rf.2cdbc408541c718da376b4ec540fdde4.jpg,placa,0.79194176197052,205,366,410,503,LRL-9445_jpg.rf.2cdbc408541c718da376b4ec540fdde4_placa_1.jpg
KVW-6586_JPG.rf.08f6cacec46a32dd652473d05316f71d.jpg,placa,0.7563006281852722,110,95,315,331,KVW-6586_JPG.rf.08f6cacec46a32dd652473d05316f71d_placa_1.jpg
356_jpg.rf.8ba38bb6d8d3fdaf452fa5aa337fb3ec.jpg,placa,0.889394223690033,368,396,416,426,356_jpg.rf.8ba38bb6d8d3fdaf452fa5aa337fb3ec_placa_1.jpg
993_jpg.rf.7cb0a8a2d46df318eef01edcdb20ebe3.jpg,placa,0.9360765814781189,213,218,283,280,993_jpg.rf.7cb0a8a2d46df318eef01edcdb20ebe3_placa_1.jpg
LLW-1768_jpg.rf.36555490bf730bff552b55b2d60acbd4.jpg,placa,0.767656147480011,186,125,327,242,LLW-1768_jpg.rf.36555490bf730bff552b55b2d60acbd4_placa_1.jpg
HGO-8556_jpg.rf.7dd91c658a107faf36002e2f1c64c149.jpg,placa,0.7851274609565735,69,79,398,296,HGO-8556_jpg.rf.7dd91c658a107faf36002e2f1c64c149_placa_1.jpg
EUL-0433_jpg.rf.5c75ac1b0e25e824ed63d3f9e43301a9.jpg,placa,0.8335413932800293,199,222,441,429,EUL-0433_jpg.rf.5c75ac1b0e25e824ed63d3f9e43301a9_placa_1.jpg
treino-340-_jpg.rf.d38f688210da847124c567032c57bc59.jpg,placa,0.8768553137779236,263,427,401,497,treino-340-_jpg.rf.d38f688210da847124c567032c57bc59_placa_1.jpg
698_jpg.rf.507a6ba85490011c31534983c9a2aa79.jpg,placa,0.9039260149002075,264,178,334,228,698_jpg.rf.507a6ba85490011c31534983c9a2aa79_placa_1.jpg
DSQ-6618_jpg.rf.03cd3a008be51149cea5336d83e69c0b.jpg,placa,0.8327667713165283,92,231,226,291,DSQ-6618_jpg.rf.03cd3a008be51149cea5336d83e69c0b_placa_1.jpg
KXK-5970-2-_jpg.rf.600da943646d07582b12cf90b3146d53.jpg,placa,0.8821046352386475,128,370,492,591,KXK-5970-2-_jpg.rf.600da943646d07582b12cf90b3146d53_placa_1.jpg
LRL-9445_jpg.rf.879255b6bed511c1009beba3b0437bbe.jpg,placa,0.840218186378479,134,242,266,325,LRL-9445_jpg.rf.879255b6bed511c1009beba3b0437bbe_placa_1.jpg
590_jpg.rf.98184690557d249ef8cb7db0d0f4e0af.jpg,placa,0.8884618282318115,429,392,462,415,590_jpg.rf.98184690557d249ef8cb7db0d0f4e0af_placa_1.jpg
579_jpg.rf.485737f0ea648ee36af67e20034cf249.jpg,placa,0.8439347147941589,359,383,411,412,579_jpg.rf.485737f0ea648ee36af67e20034cf249_placa_1.jpg
LMD-8307_jpg.rf.2064d767d5a3f9cf078b2872134b4caf.jpg,placa,0.7114706039428711,97,162,242,302,LMD-8307_jpg.rf.2064d767d5a3f9cf078b2872134b4caf_placa_1.jpg
KRY-2202--2-_jpg.rf.ba7ba042b8f0faaf6728633564b17117.jpg,placa,0.8284480571746826,97,293,333,384,KRY-2202--2-_jpg.rf.ba7ba042b8f0faaf6728633564b17117_placa_1.jpg
ASA2243_motorcycle_20240725130242029_jpg.rf.1e657a1d2d95b2cba5e89e8b6cf0ce0a.jpg,placa,0.6960082054138184,7,114,39,145,ASA2243_motorcycle_20240725130242029_jpg.rf.1e657a1d2d95b2cba5e89e8b6cf0ce0a_placa_1.jpg
576_jpg.rf.1a5f0f71cee3e44a684d6907c4ee0e4e.jpg,placa,0.8605870008468628,336,383,394,418,576_jpg.rf.1a5f0f71cee3e44a684d6907c4ee0e4e_placa_1.jpg
LPL-7565_JPG.rf.5f6ab0bb5e59db1f908ea0e1dd189a50.jpg,placa,0.6664263010025024,86,62,317,337,LPL-7565_JPG.rf.5f6ab0bb5e59db1f908ea0e1dd189a50_placa_1.jpg
161_jpg.rf.2d8fabdf5003a978bc736298923b3ac4.jpg,placa,0.8795875310897827,345,255,410,293,161_jpg.rf.2d8fabdf5003a978bc736298923b3ac4_placa_1.jpg
FOC0880_sedan_20240727130220875_jpg.rf.7e70c8444fc79dadc60a7e9a86af7696.jpg,placa,0.8841041922569275,54,140,97,155,FOC0880_sedan_20240727130220875_jpg.rf.7e70c8444fc79dadc60a7e9a86af7696_placa_1.jpg
317_jpg.rf.72bd36f032a523ed6cf6c2578f003d7f.jpg,placa,0.8857061266899109,451,308,497,334,317_jpg.rf.72bd36f032a523ed6cf6c2578f003d7f_placa_1.jpg
91_jpg.rf.f0dfe0ac1c05cdf2adbed2fb70923c35.jpg,placa,0.8524321913719177,472,297,504,317,91_jpg.rf.f0dfe0ac1c05cdf2adbed2fb70923c35_placa_1.jpg
449_jpg.rf.7497ffd56036fd2097b7cff82bd911ae.jpg,placa,0.8741915225982666,380,362,434,399,449_jpg.rf.7497ffd56036fd2097b7cff82bd911ae_placa_1.jpg
treino-72-_jpg.rf.25625c0cc1042161069aed679d05e48d.jpg,placa,0.8290672898292542,260,393,348,432,treino-72-_jpg.rf.25625c0cc1042161069aed679d05e48d_placa_1.jpg
336_jpg.rf.18c7a95b47cddec452030b3a87a3d6d5.jpg,placa,0.9077371954917908,434,319,482,348,336_jpg.rf.18c7a95b47cddec452030b3a87a3d6d5_placa_1.jpg
209_jpg.rf.d701781655bc81d9dc59fd4cf75fa54d.jpg,placa,0.9056423902511597,233,317,313,368,209_jpg.rf.d701781655bc81d9dc59fd4cf75fa54d_placa_1.jpg
treino-233-_jpg.rf.fc7653915b3958797d1c878fedb30184.jpg,placa,0.884552001953125,284,375,433,445,treino-233-_jpg.rf.fc7653915b3958797d1c878fedb30184_placa_1.jpg
928_jpg.rf.3fb2feffb4ce848212e25b77876adc7c.jpg,placa,0.8730605840682983,488,400,520,458,928_jpg.rf.3fb2feffb4ce848212e25b77876adc7c_placa_1.jpg
1089_jpg.rf.97886eaf878c209ed112b02d8d12ec5f.jpg,placa,0.8352519869804382,433,311,460,331,1089_jpg.rf.97886eaf878c209ed112b02d8d12ec5f_placa_1.jpg
KRF-8133_jpg.rf.4995b7bbacf26948c894346c0b086026.jpg,placa,0.8121932744979858,93,165,327,331,KRF-8133_jpg.rf.4995b7bbacf26948c894346c0b086026_placa_1.jpg
KXF-1868_jpg.rf.dc7a587938dbf7c2b7725cabf8417b53.jpg,placa,0.8138694167137146,272,302,495,483,KXF-1868_jpg.rf.dc7a587938dbf7c2b7725cabf8417b53_placa_1.jpg
674_jpg.rf.315921a16f1c4c7109aac9b96c4c0fd3.jpg,placa,0.9253992438316345,128,416,188,505,674_jpg.rf.315921a16f1c4c7109aac9b96c4c0fd3_placa_1.jpg
KND-5908_jpg.rf.59f1391873dd7433dc492e2fdc2fc85f.jpg,placa,0.7968399524688721,82,380,292,564,KND-5908_jpg.rf.59f1391873dd7433dc492e2fdc2fc85f_placa_1.jpg
1027_jpg.rf.889b663e22b4297e1576e46b2ae3ab01.jpg,placa,0.9277311563491821,212,360,289,435,1027_jpg.rf.889b663e22b4297e1576e46b2ae3ab01_placa_1.jpg
ALE-8602_jpg.rf.514f30c88b0da6b9a179bd6899f638fa.jpg,placa,0.7006088495254517,65,283,184,384,ALE-8602_jpg.rf.514f30c88b0da6b9a179bd6899f638fa_placa_1.jpg
505_jpg.rf.97ac2e673ec1110317dad51e5bfa1339.jpg,placa,0.836810290813446,348,347,410,382,505_jpg.rf.97ac2e673ec1110317dad51e5bfa1339_placa_1.jpg
EZV-8086_jpg.rf.d9381261992fb45b3a907f86de8f1e62.jpg,placa,0.7912055253982544,304,210,492,430,EZV-8086_jpg.rf.d9381261992fb45b3a907f86de8f1e62_placa_1.jpg
EUC-8989_jpg.rf.340f556223faa9f3dba04ff9db159c41.jpg,placa,0.7778011560440063,112,344,316,503,EUC-8989_jpg.rf.340f556223faa9f3dba04ff9db159c41_placa_1.jpg
treino-193-_jpg.rf.71a2b2ed5fd8e765516f0f9e70bcf8cd.jpg,placa,0.8955807685852051,295,401,399,451,treino-193-_jpg.rf.71a2b2ed5fd8e765516f0f9e70bcf8cd_placa_1.jpg
KWQ-5088--2-_jpg.rf.dcc58c505a17a19c118c5e6499d2a625.jpg,placa,0.8209465146064758,78,260,345,397,KWQ-5088--2-_jpg.rf.dcc58c505a17a19c118c5e6499d2a625_placa_1.jpg
LSG-7882_jpg.rf.4772a7e84d38e31c6329ddd2e7de8b29.jpg,placa,0.8613731265068054,119,180,415,395,LSG-7882_jpg.rf.4772a7e84d38e31c6329ddd2e7de8b29_placa_1.jpg
treino-48-_jpg.rf.e54ce1a46f245f557dfef6369e4fea0c.jpg,placa,0.9205256700515747,222,430,374,507,treino-48-_jpg.rf.e54ce1a46f245f557dfef6369e4fea0c_placa_1.jpg
1064_jpg.rf.a67834172d9406c420abe6cfc62acf91.jpg,placa,0.8916558027267456,228,272,308,330,1064_jpg.rf.a67834172d9406c420abe6cfc62acf91_placa_1.jpg
430_jpg.rf.c3d9185b6397640091c2f0336fe1465a.jpg,placa,0.8879798650741577,452,299,484,319,430_jpg.rf.c3d9185b6397640091c2f0336fe1465a_placa_1.jpg
211_jpg.rf.b7ea5e324b14cb841d0c06c6599d2759.jpg,placa,0.8689762353897095,325,382,390,422,211_jpg.rf.b7ea5e324b14cb841d0c06c6599d2759_placa_1.jpg
LQG-4815_jpg.rf.56341c9b1d14d9cdfb488e7e1ce4f1d3.jpg,placa,0.7689514756202698,183,400,360,584,LQG-4815_jpg.rf.56341c9b1d14d9cdfb488e7e1ce4f1d3_placa_1.jpg
treino-435-_jpg.rf.0c7a4142d9b977fe1f3f62650521eabe.jpg,placa,0.897602915763855,251,417,366,472,treino-435-_jpg.rf.0c7a4142d9b977fe1f3f62650521eabe_placa_1.jpg
treino-341-_jpg.rf.28f80bb66a07e4e30e9c81f1bf4df18d.jpg,placa,0.8840705752372742,287,412,365,452,treino-341-_jpg.rf.28f80bb66a07e4e30e9c81f1bf4df18d_placa_1.jpg
treino-341-_jpg.rf.28f80bb66a07e4e30e9c81f1bf4df18d.jpg,placa,0.773838222026825,545,271,573,288,treino-341-_jpg.rf.28f80bb66a07e4e30e9c81f1bf4df18d_placa_2.jpg
KVT-6195_jpg.rf.8059daa88666ee2ae6fbc5929ee2a68e.jpg,placa,0.8707464933395386,72,176,255,345,KVT-6195_jpg.rf.8059daa88666ee2ae6fbc5929ee2a68e_placa_1.jpg
PXK-0457--6-_jpg.rf.6ae2a2c744399231961660c8e7b77c8f.jpg,placa,0.7409347891807556,95,241,250,319,PXK-0457--6-_jpg.rf.6ae2a2c744399231961660c8e7b77c8f_placa_1.jpg
927_jpg.rf.27d8b3c0c846d839e40022da042ce9a7.jpg,placa,0.9259427785873413,186,218,249,281,927_jpg.rf.27d8b3c0c846d839e40022da042ce9a7_placa_1.jpg
LQK-6420_jpg.rf.f8ea6c58721127bd78d72b54c9ef8b58.jpg,placa,0.8154128789901733,190,352,402,491,LQK-6420_jpg.rf.f8ea6c58721127bd78d72b54c9ef8b58_placa_1.jpg
treino-390-_jpg.rf.77db107d83490381ef99638f0c390b15.jpg,placa,0.8627818822860718,243,384,407,458,treino-390-_jpg.rf.77db107d83490381ef99638f0c390b15_placa_1.jpg
417_jpg.rf.59ea29ecb417fe1981d1c6dd9581cbed.jpg,placa,0.9123352766036987,173,315,251,366,417_jpg.rf.59ea29ecb417fe1981d1c6dd9581cbed_placa_1.jpg
KXQ-4386_JPG_jpg.rf.5238999ece432e2f4607d00041daa5ca.jpg,placa,0.6456005573272705,262,127,599,516,KXQ-4386_JPG_jpg.rf.5238999ece432e2f4607d00041daa5ca_placa_1.jpg
PXJ-8256_jpg.rf.0d871520b1b36061dafac4d8907f202f.jpg,placa,0.825978696346283,197,418,472,542,PXJ-8256_jpg.rf.0d871520b1b36061dafac4d8907f202f_placa_1.jpg
treino-300-_jpg.rf.718ffb41e8e9e7be3825e0d1b0a4572b.jpg,placa,0.8378273248672485,265,503,411,564,treino-300-_jpg.rf.718ffb41e8e9e7be3825e0d1b0a4572b_placa_1.jpg
401_jpg.rf.a97a60ea43bb4810f04fbbb12c98d838.jpg,placa,0.8803619146347046,254,325,301,356,401_jpg.rf.a97a60ea43bb4810f04fbbb12c98d838_placa_1.jpg
treino-261-_jpg.rf.c6aa6366c05fca91387386879970c469.jpg,placa,0.9002169966697693,274,489,395,544,treino-261-_jpg.rf.c6aa6366c05fca91387386879970c469_placa_1.jpg
KXM-0416_jpg.rf.4d01eab80b78114122dbede8c593aad6.jpg,placa,0.8341275453567505,184,434,445,579,KXM-0416_jpg.rf.4d01eab80b78114122dbede8c593aad6_placa_1.jpg
PXJ-8264--4-_jpg.rf.84888a7847277ccef7943ca61c7b3e3f.jpg,placa,0.7718746662139893,182,227,290,317,PXJ-8264--4-_jpg.rf.84888a7847277ccef7943ca61c7b3e3f_placa_1.jpg
PXJ-8256-2-_jpg.rf.62fb3facba34b463d361b33fd1aa4020.jpg,placa,0.8277377486228943,276,355,433,482,PXJ-8256-2-_jpg.rf.62fb3facba34b463d361b33fd1aa4020_placa_1.jpg
891_jpg.rf.fa397866b0bc80267258ac1f8eca2361.jpg,placa,0.9229546189308167,351,385,391,424,891_jpg.rf.fa397866b0bc80267258ac1f8eca2361_placa_1.jpg
720_jpg.rf.3860e7e5b7660fe939e0718b4f3469d8.jpg,placa,0.9312572479248047,263,200,328,257,720_jpg.rf.3860e7e5b7660fe939e0718b4f3469d8_placa_1.jpg
79_jpg.rf.53d2c3a280253ae84d005d1c8d4c9ccb.jpg,placa,0.8779276013374329,311,374,374,411,79_jpg.rf.53d2c3a280253ae84d005d1c8d4c9ccb_placa_1.jpg
LQG-1985_jpg.rf.ba49c636aa57bf413028b8fd23bd6265.jpg,placa,0.8215864300727844,264,340,507,536,LQG-1985_jpg.rf.ba49c636aa57bf413028b8fd23bd6265_placa_1.jpg
treino-47-_jpg.rf.e21aceeeaeb739a80fde75bb7991d9f0.jpg,placa,0.8829897046089172,283,507,413,565,treino-47-_jpg.rf.e21aceeeaeb739a80fde75bb7991d9f0_placa_1.jpg
KQR-5958_jpg.rf.fd981007d8e669bbd21068bd52d9105d.jpg,placa,0.8173115849494934,105,227,248,340,KQR-5958_jpg.rf.fd981007d8e669bbd21068bd52d9105d_placa_1.jpg
906_jpg.rf.81b9e89b8228cafebedf1d75bf4a3e3b.jpg,placa,0.9438951015472412,208,183,267,252,906_jpg.rf.81b9e89b8228cafebedf1d75bf4a3e3b_placa_1.jpg
treino-67-_jpg.rf.9cdfa17b9a0c01341468104887dd2d54.jpg,placa,0.8830752968788147,224,323,412,404,treino-67-_jpg.rf.9cdfa17b9a0c01341468104887dd2d54_placa_1.jpg
treino-376-_jpg.rf.f736ae2c0599ec88e0407610052b9102.jpg,placa,0.8810024857521057,245,359,390,427,treino-376-_jpg.rf.f736ae2c0599ec88e0407610052b9102_placa_1.jpg
794_jpg.rf.b4b7c1ae173b5eb9540950e2741906b4.jpg,placa,0.9134970903396606,433,398,476,453,794_jpg.rf.b4b7c1ae173b5eb9540950e2741906b4_placa_1.jpg
LRN-0207--3-_jpg.rf.d7b6b9e823df70ae7e9205ff23c466e1.jpg,placa,0.7996045351028442,181,304,331,395,LRN-0207--3-_jpg.rf.d7b6b9e823df70ae7e9205ff23c466e1_placa_1.jpg
1068_jpg.rf.e8fa45109200758f06763affe2cb7e22.jpg,placa,0.9453954100608826,248,453,318,523,1068_jpg.rf.e8fa45109200758f06763affe2cb7e22_placa_1.jpg
377_jpg.rf.6649c4dd24e63c6795a21a9e28c60e00.jpg,placa,0.9078011512756348,412,290,465,322,377_jpg.rf.6649c4dd24e63c6795a21a9e28c60e00_placa_1.jpg
AZY7172_motorcycle_20240729172334351_jpg.rf.3f73e6d03a7cf6205d20506d80cc42ae.jpg,placa,0.7455841898918152,12,77,61,114,AZY7172_motorcycle_20240729172334351_jpg.rf.3f73e6d03a7cf6205d20506d80cc42ae_placa_1.jpg
KVR-8358_jpg.rf.9515e65bf240af93c9de629e84974a26.jpg,placa,0.7861579656600952,304,366,511,546,KVR-8358_jpg.rf.9515e65bf240af93c9de629e84974a26_placa_1.jpg
PFG-7997--3-_jpg.rf.9ec0453bc7663f711edaea353e617510.jpg,placa,0.8359788656234741,98,131,357,233,PFG-7997--3-_jpg.rf.9ec0453bc7663f711edaea353e617510_placa_1.jpg
94_jpg.rf.17ebd1dd95213cdf4018aeb57a925649.jpg,placa,0.8853442072868347,222,307,283,346,94_jpg.rf.17ebd1dd95213cdf4018aeb57a925649_placa_1.jpg
PXK-0457--4-_jpg.rf.039d9dd438c09286ea56e6fe2f744ce7.jpg,placa,0.8207188248634338,113,232,281,303,PXK-0457--4-_jpg.rf.039d9dd438c09286ea56e6fe2f744ce7_placa_1.jpg
treino-469-_jpg.rf.2c89e3f2af0902055b7bbaaee05ab64b.jpg,placa,0.8932631015777588,240,423,343,467,treino-469-_jpg.rf.2c89e3f2af0902055b7bbaaee05ab64b_placa_1.jpg
955_jpg.rf.c967a415a71fdf428697f682667a8060.jpg,placa,0.9357826113700867,287,284,355,341,955_jpg.rf.c967a415a71fdf428697f682667a8060_placa_1.jpg
110_jpg.rf.67ff12a29e904d13f827a1358f4b8fcb.jpg,placa,0.866864800453186,397,396,434,423,110_jpg.rf.67ff12a29e904d13f827a1358f4b8fcb_placa_1.jpg
PXJ-8526_jpg.rf.9d153c1dd9c70b7438fbf2fd08981c87.jpg,placa,0.84702467918396,197,361,417,449,PXJ-8526_jpg.rf.9d153c1dd9c70b7438fbf2fd08981c87_placa_1.jpg
AYZ8D71_pickuptruck_20240727174929824_jpg.rf.30ba543571eb6dec1574deedbde86705.jpg,placa,0.844649612903595,65,126,103,139,AYZ8D71_pickuptruck_20240727174929824_jpg.rf.30ba543571eb6dec1574deedbde86705_placa_1.jpg
642_jpg.rf.5e573b38c01722862856e0dbcd598390.jpg,placa,0.9074715375900269,239,168,305,219,642_jpg.rf.5e573b38c01722862856e0dbcd598390_placa_1.jpg
387_jpg.rf.0b4e597c1369b8ee5bd8eb6932970a63.jpg,placa,0.8917605876922607,360,283,433,330,387_jpg.rf.0b4e597c1369b8ee5bd8eb6932970a63_placa_1.jpg
372_jpg.rf.f8f237cef9e16272e16e3e1e2d58de54.jpg,placa,0.917084813117981,446,304,491,332,372_jpg.rf.f8f237cef9e16272e16e3e1e2d58de54_placa_1.jpg
178_jpg.rf.c8e3d44c61c31708b639385b95923ccd.jpg,placa,0.8626002669334412,479,286,522,312,178_jpg.rf.c8e3d44c61c31708b639385b95923ccd_placa_1.jpg
LNS-8606_jpg.rf.57d2e09e12f100c2c94d0c0cc74091c4.jpg,placa,0.8129551410675049,193,199,303,292,LNS-8606_jpg.rf.57d2e09e12f100c2c94d0c0cc74091c4_placa_1.jpg
902_jpg.rf.50b6b7a74a16819d721806f84b03bf19.jpg,placa,0.924238920211792,395,395,442,446,902_jpg.rf.50b6b7a74a16819d721806f84b03bf19_placa_1.jpg
treino-187-_jpg.rf.a45190035ae99640349b6a737e3efd5f.jpg,placa,0.8871962428092957,184,565,332,639,treino-187-_jpg.rf.a45190035ae99640349b6a737e3efd5f_placa_1.jpg
357_jpg.rf.69394613e4205201c6dc56651376f25f.jpg,placa,0.8540005087852478,354,359,424,401,357_jpg.rf.69394613e4205201c6dc56651376f25f_placa_1.jpg
PUV-5373-6-_jpg.rf.8881fb28cfcdbb4e96236c733bc1f9d4.jpg,placa,0.8428851366043091,203,335,384,448,PUV-5373-6-_jpg.rf.8881fb28cfcdbb4e96236c733bc1f9d4_placa_1.jpg
treino-310-_jpg.rf.b89d9c9033f1d6ebc04e2ff60baca948.jpg,placa,0.8946397304534912,281,260,399,318,treino-310-_jpg.rf.b89d9c9033f1d6ebc04e2ff60baca948_placa_1.jpg
treino-369-_jpg.rf.0ac112a1a7c6ad97a0b25d46d4fc4afe.jpg,placa,0.902286171913147,263,259,361,306,treino-369-_jpg.rf.0ac112a1a7c6ad97a0b25d46d4fc4afe_placa_1.jpg
PDZ-0097_jpg.rf.367822d740f5a58ceb3c1303231d228e.jpg,placa,0.839219331741333,128,333,447,479,PDZ-0097_jpg.rf.367822d740f5a58ceb3c1303231d228e_placa_1.jpg
PFG-7997-2-_jpg.rf.c3719caca9170ddb4d1e9cc50d08b41f.jpg,placa,0.7979198694229126,264,225,516,461,PFG-7997-2-_jpg.rf.c3719caca9170ddb4d1e9cc50d08b41f_placa_1.jpg
treino-200-_jpg.rf.53728f6ff7468219dcc3a47514664083.jpg,placa,0.8997522592544556,182,496,302,559,treino-200-_jpg.rf.53728f6ff7468219dcc3a47514664083_placa_1.jpg
159_jpg.rf.98bab731031e6be9438670592d5443ac.jpg,placa,0.8968783617019653,369,376,431,414,159_jpg.rf.98bab731031e6be9438670592d5443ac_placa_1.jpg
559_jpg.rf.eb97aa8c74455d80d618467b4d61ab25.jpg,placa,0.8483895063400269,497,305,526,323,559_jpg.rf.eb97aa8c74455d80d618467b4d61ab25_placa_1.jpg
PDN-5443_jpg.rf.f362529a35253f357bb03e69a2ca5c3c.jpg,placa,0.8675662875175476,103,211,474,457,PDN-5443_jpg.rf.f362529a35253f357bb03e69a2ca5c3c_placa_1.jpg
MHQ3A28_sedan_20240725180941588_jpg.rf.032bf7aa5c6df7955d0e372a218b4d58.jpg,placa,0.8728542923927307,60,163,106,180,MHQ3A28_sedan_20240725180941588_jpg.rf.032bf7aa5c6df7955d0e372a218b4d58_placa_1.jpg
75_jpg.rf.a8f40f4667154b60ed4078c1b252e423.jpg,placa,0.9132704138755798,347,283,412,322,75_jpg.rf.a8f40f4667154b60ed4078c1b252e423_placa_1.jpg
713_jpg.rf.587ed22a9ca7dcef1d8773c2c6667b85.jpg,placa,0.895650327205658,357,258,396,286,713_jpg.rf.587ed22a9ca7dcef1d8773c2c6667b85_placa_1.jpg
OYV-6433_jpg.rf.1bcf70fba25869844fff72969d3e3e88.jpg,placa,0.8146674633026123,235,482,496,607,OYV-6433_jpg.rf.1bcf70fba25869844fff72969d3e3e88_placa_1.jpg
1013_jpg.rf.e62a6a054b6642737bc5c08e32c30c66.jpg,placa,0.9452021718025208,206,321,273,394,1013_jpg.rf.e62a6a054b6642737bc5c08e32c30c66_placa_1.jpg
LJA-1093_JPG.rf.ab142a88b9fc9caae060b38f3d23b228.jpg,placa,0.7490484714508057,212,116,317,249,LJA-1093_JPG.rf.ab142a88b9fc9caae060b38f3d23b228_placa_1.jpg
239_jpg.rf.f5803b7b543562502a7acd34e55b2026.jpg,placa,0.8682123422622681,225,314,297,362,239_jpg.rf.f5803b7b543562502a7acd34e55b2026_placa_1.jpg
LOJ-4414_jpg.rf.3e61c88d4b2cdb084a3bf1f06637bd57.jpg,placa,0.8033804893493652,265,386,498,532,LOJ-4414_jpg.rf.3e61c88d4b2cdb084a3bf1f06637bd57_placa_1.jpg
PXY-0360-3-_jpg.rf.e567f36ccf68f08e602a69148ed35467.jpg,placa,0.850152850151062,203,300,374,397,PXY-0360-3-_jpg.rf.e567f36ccf68f08e602a69148ed35467_placa_1.jpg
FJY-9514-3-_jpg.rf.4d0adbc2e25adaf637edbb387886b0c8.jpg,placa,0.8349939584732056,232,357,444,477,FJY-9514-3-_jpg.rf.4d0adbc2e25adaf637edbb387886b0c8_placa_1.jpg
treino-360-_jpg.rf.ff4578b51236a321ccf4955320450ac6.jpg,placa,0.8671704530715942,245,540,402,611,treino-360-_jpg.rf.ff4578b51236a321ccf4955320450ac6_placa_1.jpg
EZG-3164_jpg.rf.7975c548ca773bd3b255d628a53ce2bb.jpg,placa,0.6921637654304504,349,371,559,540,EZG-3164_jpg.rf.7975c548ca773bd3b255d628a53ce2bb_placa_1.jpg
221_jpg.rf.23a859f78c2a303ad346b8a9df014354.jpg,placa,0.8556941151618958,356,371,422,411,221_jpg.rf.23a859f78c2a303ad346b8a9df014354_placa_1.jpg
PDK-9448-2-_jpg.rf.3a8d0677099f9e7357bcb700f338eb09.jpg,placa,0.8215936422348022,239,404,495,520,PDK-9448-2-_jpg.rf.3a8d0677099f9e7357bcb700f338eb09_placa_1.jpg
LQK-9502_JPG.rf.ddbc9338b0a47af73ef96f6a95659664.jpg,placa,0.8485898971557617,131,135,359,344,LQK-9502_JPG.rf.ddbc9338b0a47af73ef96f6a95659664_placa_1.jpg
635_jpg.rf.0ca7ed1224f24b48f375deda0c799ade.jpg,placa,0.9249534010887146,401,411,453,469,635_jpg.rf.0ca7ed1224f24b48f375deda0c799ade_placa_1.jpg
316_jpg.rf.b80594a9d04940bc47097f196637bfe5.jpg,placa,0.8951312303543091,385,367,439,401,316_jpg.rf.b80594a9d04940bc47097f196637bfe5_placa_1.jpg
502_jpg.rf.4368379340258b13af5171ef0ab9562e.jpg,placa,0.7320431470870972,347,267,409,303,502_jpg.rf.4368379340258b13af5171ef0ab9562e_placa_1.jpg
439_jpg.rf.ad5c2f3262e02491a7a81695a10e9fa2.jpg,placa,0.8955115675926208,417,300,457,326,439_jpg.rf.ad5c2f3262e02491a7a81695a10e9fa2_placa_1.jpg
KQE-1438--2-_jpg.rf.675dce493e8c7485248e1580e8689bfc.jpg,placa,0.7611857056617737,91,127,222,249,KQE-1438--2-_jpg.rf.675dce493e8c7485248e1580e8689bfc_placa_1.jpg
882_jpg.rf.399b1a0d74743f98592fd0207e86abc6.jpg,placa,0.9010663628578186,251,242,319,298,882_jpg.rf.399b1a0d74743f98592fd0207e86abc6_placa_1.jpg
551_jpg.rf.c831f905e683dc2104164597c8581800.jpg,placa,0.8601612448692322,189,281,235,318,551_jpg.rf.c831f905e683dc2104164597c8581800_placa_1.jpg
treino-162-_jpg.rf.e30f4c223b5819152eafc3b2161d41ae.jpg,placa,0.8992116451263428,260,438,383,493,treino-162-_jpg.rf.e30f4c223b5819152eafc3b2161d41ae_placa_1.jpg
treino-393-_jpg.rf.51e5cf65b2243ba1fe981da8a25d40f6.jpg,placa,0.8784021735191345,269,484,375,528,treino-393-_jpg.rf.51e5cf65b2243ba1fe981da8a25d40f6_placa_1.jpg
140_jpg.rf.c42370d94f612c2c62accab529598524.jpg,placa,0.8874895572662354,150,313,198,348,140_jpg.rf.c42370d94f612c2c62accab529598524_placa_1.jpg
treino-311-_jpg.rf.873fde73580f8a7fa259af79624afe4a.jpg,placa,0.8879954814910889,255,349,411,426,treino-311-_jpg.rf.873fde73580f8a7fa259af79624afe4a_placa_1.jpg
treino-442-_jpg.rf.7c493d69a441d2083aa2a1c8be57c84f.jpg,placa,0.9028849005699158,253,363,382,425,treino-442-_jpg.rf.7c493d69a441d2083aa2a1c8be57c84f_placa_1.jpg
KYL-9863_jpg.rf.c05b29838d7b49f47ecb1a4ab31802c8.jpg,placa,0.8088041543960571,229,244,446,416,KYL-9863_jpg.rf.c05b29838d7b49f47ecb1a4ab31802c8_placa_1.jpg
LPA-1686_jpg.rf.9aabd8617ba459d03b43a3f82ee2d3b0.jpg,placa,0.822198212146759,161,215,361,458,LPA-1686_jpg.rf.9aabd8617ba459d03b43a3f82ee2d3b0_placa_1.jpg
PGB-1924--2-_jpg.rf.5edd8226de8b52400763b80ad3ba538a.jpg,placa,0.8155738711357117,104,229,294,309,PGB-1924--2-_jpg.rf.5edd8226de8b52400763b80ad3ba538a_placa_1.jpg
LNF-4876_jpg.rf.f37ecc398a8802b9a416ea79e787d469.jpg,placa,0.8316184878349304,161,181,260,256,LNF-4876_jpg.rf.f37ecc398a8802b9a416ea79e787d469_placa_1.jpg
LQG-2266_jpg.rf.2d73d199cf46b640e50500c09c381877.jpg,placa,0.8003645539283752,127,306,348,539,LQG-2266_jpg.rf.2d73d199cf46b640e50500c09c381877_placa_1.jpg
373_jpg.rf.5a583173cbd206607861604a9ce750dd.jpg,placa,0.8957765698432922,394,394,444,427,373_jpg.rf.5a583173cbd206607861604a9ce750dd_placa_1.jpg
treino-491-_jpg.rf.06728eaf224e716def8fd973a2cac090.jpg,placa,0.8917951583862305,309,314,417,362,treino-491-_jpg.rf.06728eaf224e716def8fd973a2cac090_placa_1.jpg
427_jpg.rf.0704c47aa917e419fc9a5c035ab16505.jpg,placa,0.8200766444206238,351,353,407,389,427_jpg.rf.0704c47aa917e419fc9a5c035ab16505_placa_1.jpg
783_jpg.rf.93394a4dc8f59a7c5ee4016feb81534f.jpg,placa,0.882961094379425,343,175,397,213,783_jpg.rf.93394a4dc8f59a7c5ee4016feb81534f_placa_1.jpg
LRN-0207-2-_jpg.rf.d013a4ad4093eb4aad6f4007a0e46e2b.jpg,placa,0.8293079733848572,187,452,474,599,LRN-0207-2-_jpg.rf.d013a4ad4093eb4aad6f4007a0e46e2b_placa_1.jpg
348_jpg.rf.b34893308efbd6aae2960fdb49aae24f.jpg,placa,0.8489579558372498,450,296,485,318,348_jpg.rf.b34893308efbd6aae2960fdb49aae24f_placa_1.jpg
KQJ-9765_jpg.rf.6e83337bce6aa84bf82334799e2a9b3d.jpg,placa,0.7670225501060486,40,242,380,380,KQJ-9765_jpg.rf.6e83337bce6aa84bf82334799e2a9b3d_placa_1.jpg
treino-428-_jpg.rf.a8e170625ce90902ebb0737a8164f35a.jpg,placa,0.8888730406761169,274,292,398,353,treino-428-_jpg.rf.a8e170625ce90902ebb0737a8164f35a_placa_1.jpg
treino-102-_jpg.rf.b1ffdaa593449a82262ecaf989146b35.jpg,placa,0.8582612872123718,248,488,390,551,treino-102-_jpg.rf.b1ffdaa593449a82262ecaf989146b35_placa_1.jpg
LPU-7567_jpg.rf.5653e9f341e912f16f711368f80fe597.jpg,placa,0.7990812659263611,56,231,204,363,LPU-7567_jpg.rf.5653e9f341e912f16f711368f80fe597_placa_1.jpg
treino-323-_jpg.rf.79dcd51d511f06094da251e7288fb6f6.jpg,placa,0.898148775100708,222,505,363,572,treino-323-_jpg.rf.79dcd51d511f06094da251e7288fb6f6_placa_1.jpg
402_jpg.rf.25c392472fc561f1c1eaa6a0db43788e.jpg,placa,0.9216494560241699,228,350,323,408,402_jpg.rf.25c392472fc561f1c1eaa6a0db43788e_placa_1.jpg
402_jpg.rf.25c392472fc561f1c1eaa6a0db43788e.jpg,placa,0.32606539130210876,26,381,68,410,402_jpg.rf.25c392472fc561f1c1eaa6a0db43788e_placa_2.jpg
LRM-6867_jpg.rf.4a79ad1b2354ea6f2f1119b34876a99e.jpg,placa,0.8328731060028076,207,495,365,637,LRM-6867_jpg.rf.4a79ad1b2354ea6f2f1119b34876a99e_placa_1.jpg
272_jpg.rf.63fe446ddac0e7266fa8ccfa9aea113a.jpg,placa,0.886552631855011,99,334,192,388,272_jpg.rf.63fe446ddac0e7266fa8ccfa9aea113a_placa_1.jpg
58_jpg.rf.4c613d065c46671c971c748c2c969195.jpg,placa,0.859268307685852,381,189,452,232,58_jpg.rf.4c613d065c46671c971c748c2c969195_placa_1.jpg
121_jpg.rf.2e9b1f1ed0911d984de597659b316d89.jpg,placa,0.9086233377456665,279,382,361,433,121_jpg.rf.2e9b1f1ed0911d984de597659b316d89_placa_1.jpg
114_jpg.rf.bda0d73f5dd686fc832574cd00357ced.jpg,placa,0.920521080493927,216,316,282,355,114_jpg.rf.bda0d73f5dd686fc832574cd00357ced_placa_1.jpg
treino-377-_jpg.rf.ffdd2d17196322e3ff1aa9f77c73a3fa.jpg,placa,0.8864079117774963,250,437,368,490,treino-377-_jpg.rf.ffdd2d17196322e3ff1aa9f77c73a3fa_placa_1.jpg
476_jpg.rf.18d0a0f74a439fa387c521ce9a75dee5.jpg,placa,0.9067339301109314,422,306,474,338,476_jpg.rf.18d0a0f74a439fa387c521ce9a75dee5_placa_1.jpg
treino-239-_jpg.rf.e876d44c8b913cdfa5c782454cd52a44.jpg,placa,0.8972206711769104,391,537,511,597,treino-239-_jpg.rf.e876d44c8b913cdfa5c782454cd52a44_placa_1.jpg
PFU-6000_jpg.rf.efdcc23332f19f0fabf0e827337e7f55.jpg,placa,0.900522768497467,159,261,279,312,PFU-6000_jpg.rf.efdcc23332f19f0fabf0e827337e7f55_placa_1.jpg
OMF-5160_jpg.rf.e2c5de03bdd1490237b9ccf9f8c152de.jpg,placa,0.8386125564575195,73,140,262,318,OMF-5160_jpg.rf.e2c5de03bdd1490237b9ccf9f8c152de_placa_1.jpg
368_jpg.rf.31efffa2a37f61a6f9ae1fe7ba6e7671.jpg,placa,0.8562673330307007,470,305,510,330,368_jpg.rf.31efffa2a37f61a6f9ae1fe7ba6e7671_placa_1.jpg
203_jpg.rf.8a3ee9d8d85789219c3b29fa70009ae2.jpg,placa,0.8649685978889465,475,289,510,312,203_jpg.rf.8a3ee9d8d85789219c3b29fa70009ae2_placa_1.jpg
treino-357-_jpg.rf.3bdf8df0c5bded6c635742e38e4b2270.jpg,placa,0.9043804407119751,265,397,344,434,treino-357-_jpg.rf.3bdf8df0c5bded6c635742e38e4b2270_placa_1.jpg
BAG-7751--3-_jpg.rf.ba96f732a6c8ea2c0572fb9590359b29.jpg,placa,0.8715482950210571,70,205,345,326,BAG-7751--3-_jpg.rf.ba96f732a6c8ea2c0572fb9590359b29_placa_1.jpg
LUW-1038_jpg.rf.5c6428ed45eb35e14be9c1eeda63217b.jpg,placa,0.8780003786087036,71,231,330,365,LUW-1038_jpg.rf.5c6428ed45eb35e14be9c1eeda63217b_placa_1.jpg
486_jpg.rf.9753377dd6502c6cd7962a14a3d1a3ab.jpg,placa,0.8528237342834473,329,342,381,370,486_jpg.rf.9753377dd6502c6cd7962a14a3d1a3ab_placa_1.jpg
743_jpg.rf.77307ffa06b6f00d4068e5b077f1f851.jpg,placa,0.9387527108192444,270,328,356,396,743_jpg.rf.77307ffa06b6f00d4068e5b077f1f851_placa_1.jpg
treino-381-_jpg.rf.3138333b47a0fc15b72b692eeb1ed347.jpg,placa,0.873336911201477,249,306,390,370,treino-381-_jpg.rf.3138333b47a0fc15b72b692eeb1ed347_placa_1.jpg
treino-407-_jpg.rf.f9945a1978964c887438b925f44f331a.jpg,placa,0.8957617282867432,281,303,410,363,treino-407-_jpg.rf.f9945a1978964c887438b925f44f331a_placa_1.jpg
KXM-0416_jpg.rf.497c83dcb5ffaf3ec221a98e185fd523.jpg,placa,0.8088369369506836,123,287,285,370,KXM-0416_jpg.rf.497c83dcb5ffaf3ec221a98e185fd523_placa_1.jpg
413_jpg.rf.f634adfcc239b235d3c798ba4fe698a8.jpg,placa,0.8550934791564941,402,293,451,321,413_jpg.rf.f634adfcc239b235d3c798ba4fe698a8_placa_1.jpg
230_jpg.rf.6adc24cab1573037a41465ec21bd2050.jpg,placa,0.9230484366416931,420,309,471,340,230_jpg.rf.6adc24cab1573037a41465ec21bd2050_placa_1.jpg
126_jpg.rf.f3d4933fb921a494b0105c77c7ad87c0.jpg,placa,0.8875294327735901,322,365,384,405,126_jpg.rf.f3d4933fb921a494b0105c77c7ad87c0_placa_1.jpg
KYQ-2563_jpg.rf.f19f96fb8bd451ab5ac4d4d9f2378905.jpg,placa,0.8750408291816711,305,246,638,485,KYQ-2563_jpg.rf.f19f96fb8bd451ab5ac4d4d9f2378905_placa_1.jpg
treino-322-_jpg.rf.b5dd391e8133d89ca8097fd20afd7e46.jpg,placa,0.8747737407684326,289,424,404,470,treino-322-_jpg.rf.b5dd391e8133d89ca8097fd20afd7e46_placa_1.jpg
PVK-3268_jpg.rf.942c4db48ec8510e82713928c17a1c57.jpg,placa,0.8439881801605225,135,263,292,329,PVK-3268_jpg.rf.942c4db48ec8510e82713928c17a1c57_placa_1.jpg
877_jpg.rf.f2e132eb5d29c2e208eeecf3346fb2a3.jpg,placa,0.9226297736167908,221,150,283,209,877_jpg.rf.f2e132eb5d29c2e208eeecf3346fb2a3_placa_1.jpg
LSM-9443_jpg.rf.8710f23524aabb303b5efcdb8fd179c5.jpg,placa,0.8304831981658936,130,409,429,553,LSM-9443_jpg.rf.8710f23524aabb303b5efcdb8fd179c5_placa_1.jpg
BEJ2C21_suv_20240726130950034_jpg.rf.34a3727e909113b058297ea9d244406f.jpg,placa,0.4001980125904083,62,106,112,126,BEJ2C21_suv_20240726130950034_jpg.rf.34a3727e909113b058297ea9d244406f_placa_1.jpg
99_jpg.rf.878a0ce92fd8a72fe449c6043aa660ec.jpg,placa,0.912796676158905,322,387,388,428,99_jpg.rf.878a0ce92fd8a72fe449c6043aa660ec_placa_1.jpg
LRN-0207_jpg.rf.db0d476d647135bade83743a083406f4.jpg,placa,0.846525251865387,143,390,477,578,LRN-0207_jpg.rf.db0d476d647135bade83743a083406f4_placa_1.jpg
500_jpg.rf.8a0dc273edbf864af372b25520356d2f.jpg,placa,0.8949586153030396,347,366,407,403,500_jpg.rf.8a0dc273edbf864af372b25520356d2f_placa_1.jpg
treino-27-_jpg.rf.6d0ae36ab8c39f1abfe1e25443629ae5.jpg,placa,0.8824328780174255,190,356,352,433,treino-27-_jpg.rf.6d0ae36ab8c39f1abfe1e25443629ae5_placa_1.jpg
123_jpg.rf.2505c1e2512f605d88582573065a520e.jpg,placa,0.8906854391098022,236,287,291,320,123_jpg.rf.2505c1e2512f605d88582573065a520e_placa_1.jpg
541_jpg.rf.c64ad0c7551e982699fe2b2ced5589a5.jpg,placa,0.8686259388923645,368,375,428,410,541_jpg.rf.c64ad0c7551e982699fe2b2ced5589a5_placa_1.jpg
treino-33-_jpg.rf.b255d784747a7b003a1a5a4b53b6d4d2.jpg,placa,0.8861153721809387,216,465,320,514,treino-33-_jpg.rf.b255d784747a7b003a1a5a4b53b6d4d2_placa_1.jpg
222_jpg.rf.cb63e5bbab4a625ca9a275bd361cf7f6.jpg,placa,0.9042074084281921,353,359,413,397,222_jpg.rf.cb63e5bbab4a625ca9a275bd361cf7f6_placa_1.jpg
treino-303-_jpg.rf.4c59a7ea03d9966b0e7bea408bc1fc43.jpg,placa,0.8823320865631104,276,469,399,528,treino-303-_jpg.rf.4c59a7ea03d9966b0e7bea408bc1fc43_placa_1.jpg
OIP-4357_jpg.rf.2510c606ba70fa7e074d0a1e455e7d76.jpg,placa,0.8000207543373108,163,252,308,324,OIP-4357_jpg.rf.2510c606ba70fa7e074d0a1e455e7d76_placa_1.jpg
PVK-3268-5-_jpg.rf.84223493e78941caeaffeac2b1236fb6.jpg,placa,0.8330715894699097,219,254,432,354,PVK-3268-5-_jpg.rf.84223493e78941caeaffeac2b1236fb6_placa_1.jpg
170_jpg.rf.58ce539a7fff264fdc5ac9209484978a.jpg,placa,0.8871475458145142,360,385,415,420,170_jpg.rf.58ce539a7fff264fdc5ac9209484978a_placa_1.jpg
OWO-7837-3-_jpg.rf.500d3a62c20a967fffb48bb8b480d313.jpg,placa,0.8215882778167725,235,331,477,439,OWO-7837-3-_jpg.rf.500d3a62c20a967fffb48bb8b480d313_placa_1.jpg
560_jpg.rf.48dad02cc9b93fff110d0a7c6e7e1182.jpg,placa,0.8514663577079773,365,344,426,379,560_jpg.rf.48dad02cc9b93fff110d0a7c6e7e1182_placa_1.jpg
329_jpg.rf.fb665871de1f4db9fdef71f91591c654.jpg,placa,0.8663121461868286,457,296,493,317,329_jpg.rf.fb665871de1f4db9fdef71f91591c654_placa_1.jpg
LPA-7932_jpg.rf.1a405d7dfcb46cdf1b9c5f0f4ac0d302.jpg,placa,0.7973849177360535,232,289,464,476,LPA-7932_jpg.rf.1a405d7dfcb46cdf1b9c5f0f4ac0d302_placa_1.jpg
PXJ-8271-6-_jpg.rf.398e9af0dd45693a7ca5d64edb4df9d1.jpg,placa,0.8418229818344116,227,389,528,557,PXJ-8271-6-_jpg.rf.398e9af0dd45693a7ca5d64edb4df9d1_placa_1.jpg
KWW-1038_jpg.rf.7e8581b89954a66599b1458ff3129dd1.jpg,placa,0.8061721920967102,172,142,312,262,KWW-1038_jpg.rf.7e8581b89954a66599b1458ff3129dd1_placa_1.jpg
KRD-5833_jpg.rf.5d0ea1487edeed8b0f33b23acab41106.jpg,placa,0.8594260811805725,246,367,498,538,KRD-5833_jpg.rf.5d0ea1487edeed8b0f33b23acab41106_placa_1.jpg
837_jpg.rf.0a54a45f9f1a4c957d70786997cbd0f9.jpg,placa,0.9185449481010437,394,392,445,447,837_jpg.rf.0a54a45f9f1a4c957d70786997cbd0f9_placa_1.jpg
588_jpg.rf.fddffef35e22db3bd528cbd7cc9cc341.jpg,placa,0.9029862880706787,314,380,377,420,588_jpg.rf.fddffef35e22db3bd528cbd7cc9cc341_placa_1.jpg
386_jpg.rf.90c0fbbfbc3f946f5359903fb360977c.jpg,placa,0.8511571288108826,298,385,367,424,386_jpg.rf.90c0fbbfbc3f946f5359903fb360977c_placa_1.jpg
treino-178-_jpg.rf.bc2b418f2f5d40f201233740573e33c2.jpg,placa,0.9000462293624878,259,423,386,482,treino-178-_jpg.rf.bc2b418f2f5d40f201233740573e33c2_placa_1.jpg
1036_jpg.rf.aaf5b5dfde15604f66d96a9c8365b188.jpg,placa,0.9234055876731873,214,182,290,243,1036_jpg.rf.aaf5b5dfde15604f66d96a9c8365b188_placa_1.jpg
596_jpg.rf.174340bcdf4bd31d9327d655cc9dc8c9.jpg,placa,0.8865628242492676,412,308,444,331,596_jpg.rf.174340bcdf4bd31d9327d655cc9dc8c9_placa_1.jpg
LRU-6565_JPG.rf.8665fd172c3fcec16824274ff28156bf.jpg,placa,0.8718891739845276,133,156,315,324,LRU-6565_JPG.rf.8665fd172c3fcec16824274ff28156bf_placa_1.jpg
307_jpg.rf.545d26c6e3a2c48e3539e1323a6043c4.jpg,placa,0.8746697902679443,221,311,278,347,307_jpg.rf.545d26c6e3a2c48e3539e1323a6043c4_placa_1.jpg
KOV-8838_jpg.rf.12f90f7f2ffd6cb8bbcaf2de6c94a3d1.jpg,placa,0.8172293901443481,155,43,448,274,KOV-8838_jpg.rf.12f90f7f2ffd6cb8bbcaf2de6c94a3d1_placa_1.jpg
PCP-6336_jpg.rf.13e18e411cd0b2e640ee114222aa3127.jpg,placa,0.8852784037590027,102,385,469,548,PCP-6336_jpg.rf.13e18e411cd0b2e640ee114222aa3127_placa_1.jpg
191_jpg.rf.b1572e565b1efefc4b1d221ba262fba2.jpg,placa,0.8928319811820984,412,311,464,342,191_jpg.rf.b1572e565b1efefc4b1d221ba262fba2_placa_1.jpg
PGB-1322-3-_jpg.rf.6572eb11ae498e076d219b90894a8342.jpg,placa,0.8422107696533203,169,271,487,419,PGB-1322-3-_jpg.rf.6572eb11ae498e076d219b90894a8342_placa_1.jpg
treino-135-_jpg.rf.a259af985a115ac49fbb628a0732e62f.jpg,placa,0.8791849613189697,297,448,408,504,treino-135-_jpg.rf.a259af985a115ac49fbb628a0732e62f_placa_1.jpg
841_jpg.rf.74422890b476c89abb33af3ab87af11f.jpg,placa,0.9163296818733215,351,171,405,215,841_jpg.rf.74422890b476c89abb33af3ab87af11f_placa_1.jpg
815_jpg.rf.7ea4253e6b3005d5a572a119708d2e9c.jpg,placa,0.9421747922897339,200,153,258,213,815_jpg.rf.7ea4253e6b3005d5a572a119708d2e9c_placa_1.jpg
