Imagem,Status,Score,IoU,Total_Janelas,Tempo_s,True_Box,Pred_Box
PXJ-8271-4-_jpg.rf.52d2f50e206bd6575117b86e1bdbe98d.jpg,correto,1.589850390676248,0.8362201081456206,1532,12.185011386871338,"(209, 354, 463, 475)","(192, 352, 448, 480)"
137_jpg.rf.532cef6e3efed680df8242f7f33bf170.jpg,incorreto,0.3136110601885679,0.0,1532,12.315208196640015,"(379, 399, 425, 428)","(32, 160, 224, 256)"
400_jpg.rf.4091d2046cd84961a30e4c12b86a37fc.jpg,incorreto,0.20178792783063138,0.0,1532,12.404762029647827,"(350, 353, 405, 379)","(192, 160, 448, 288)"
1034_jpg.rf.9bfc3ba376e686e12e40593a5fd6da47.jpg,incorreto,0.0002899464608983049,0.0,1532,12.483983039855957,"(405, 146, 438, 169)","(320, 0, 544, 112)"
666_jpg.rf.fb4a921402c324ae3e7377614d86204e.jpg,incorreto,0.36561832133631045,0.0,1532,12.34196400642395,"(350, 408, 391, 442)","(384, 288, 512, 352)"
809_jpg.rf.c3db3d8c9dde5b8626896ccf6c2c35d2.jpg,correto,0.541297895459396,0.598702810577083,1532,12.400621175765991,"(190, 209, 267, 274)","(192, 224, 288, 272)"
OXI-8882-4-_jpg.rf.8a766d45347450dd82cd514fc985185c.jpg,incorreto,1.1994538383273032,0.28587381351200447,1532,12.412244081497192,"(228, 329, 427, 410)","(320, 352, 416, 400)"
LQQ-5578_jpg.rf.acfdba9fe4434ca3ce044b4efc75f95f.jpg,correto,1.2027424672793408,0.6144121365360303,1532,12.71850299835205,"(180, 385, 435, 577)","(192, 448, 448, 576)"
treino-364-_jpg.rf.9c23f3b63c2868bed8760262558c4b05.jpg,incorreto,1.4395522178998568,0.4575,1532,12.839992761611938,"(157, 304, 253, 365)","(96, 288, 256, 368)"
treino-146-_jpg.rf.7ef324c6258ff38614488aba3912c6b6.jpg,correto,0.8478282432732852,0.711840888066605,1532,12.427066087722778,"(216, 384, 332, 441)","(224, 384, 352, 448)"
LPO-1876_jpg.rf.85b8af875b0fba459a491db3794bcddd.jpg,correto,1.1324288376934395,0.7997513569241033,1532,12.345836400985718,"(127, 419, 338, 545)","(96, 416, 352, 544)"
LSV-0458_jpg.rf.4577d1c7419c051fc1b331f65cb372d6.jpg,correto,0.7776967207699425,0.5505264652776369,1532,12.611652374267578,"(268, 81, 499, 270)","(224, 128, 480, 256)"
treino-414-_jpg.rf.59b9a7dcf1686f970cce9ff83d5aec2e.jpg,incorreto,0.546271412050985,0.0,1532,12.705232620239258,"(253, 406, 355, 456)","(224, 128, 352, 192)"
184_jpg.rf.b6b6042da67d334fb29731a1083c67b4.jpg,incorreto,0.1264922602636399,0.1603125,1532,12.330897092819214,"(216, 303, 273, 339)","(160, 288, 320, 368)"
370_jpg.rf.728443fc7d8057f0a3faf45863095897.jpg,incorreto,0.7105218363273139,0.15494791666666666,1532,12.558178663253784,"(469, 295, 503, 316)","(416, 288, 512, 336)"
113_jpg.rf.1c65c487eecb748d3e2d489aed46b8ad.jpg,correto,0.43168944491574834,0.549630844954881,1532,12.335529327392578,"(273, 316, 340, 360)","(256, 320, 352, 368)"
KOR-9948_jpg.rf.015002ba0abba4cb84d6e0e438a4d60a.jpg,incorreto,0.296857173674438,0.32189262074037756,482,3.892836809158325,"(80, 43, 336, 282)","(64, 32, 288, 144)"
266_jpg.rf.e5a14668122203ff92391c863f9492ce.jpg,incorreto,0.11540173150650934,0.0,1532,12.555988311767578,"(395, 289, 459, 326)","(32, 160, 256, 272)"
treino-104-_jpg.rf.d61b6437db269ed4545d15e29200690b.jpg,correto,1.0292056889237813,0.6355110725825518,1532,12.47159719467163,"(258, 502, 417, 581)","(256, 512, 384, 576)"
KPJ-8380-2-_jpg.rf.3c42d40e8b5cb9bca06cbe895b46b1a8.jpg,correto,1.039926579057901,0.5733291757613553,1532,12.441128015518188,"(211, 390, 408, 570)","(192, 448, 416, 560)"
PGB-1924-2-_jpg.rf.06fcd5484590291e71ee4d47e899e1de.jpg,correto,1.0083811994727747,0.6481781857024173,1532,12.364384174346924,"(147, 329, 469, 486)","(192, 352, 448, 480)"
treino-155-_jpg.rf.bff6469ac3e1c3432705a8fc1a2005a8.jpg,correto,0.5937120777746242,0.6943829010817151,1532,12.326382875442505,"(239, 440, 400, 522)","(256, 448, 416, 528)"
135_jpg.rf.b2f1999538b5ead97917cad359bbbf07.jpg,incorreto,0.29623780260050425,0.0,1532,12.66348934173584,"(374, 358, 426, 389)","(288, 192, 480, 288)"
treino-49-_jpg.rf.8eadefe09850d538753347e5e60c9028.jpg,correto,1.5582840410605705,0.6858026813337916,1532,12.526687145233154,"(257, 376, 361, 426)","(256, 384, 352, 432)"
CLJ-7888_JPG_jpg.rf.1698d27f9caa9faf4c79e5f9516ef624.jpg,incorreto,0.4572757791355898,0.04744694652951534,1532,12.523011445999146,"(200, 243, 527, 540)","(352, 320, 448, 368)"
LAE-1017_jpg.rf.a7b05b52125ba006dd572d481a3ce5c4.jpg,incorreto,1.0336294264185817,0.4746014089729329,1532,12.435288429260254,"(158, 369, 332, 524)","(160, 416, 320, 496)"
AH32F37_motorcycle_20240726074901937_jpg.rf.e7790c6051ea9bbba6a27c03c38edd8b.jpg,nao_detectado,-999999.0,0.0,6,0.04736828804016113,"(39, 166, 78, 197)",
PFF-7622-2-_jpg.rf.9f33b6183affa21ce316983054b075b9.jpg,incorreto,0.5326002715821716,0.4583809810412278,1532,12.252771377563477,"(82, 299, 455, 471)","(192, 352, 448, 480)"
LLT-8634_jpg.rf.92c5f45082289de2aeddf1a3c04481c8.jpg,incorreto,0.790428317862336,0.4712999131944444,482,4.013740062713623,"(202, 305, 321, 378)","(192, 288, 384, 384)"
64_jpg.rf.b5f25ef25e8d1e81efb79f6d8940abf9.jpg,incorreto,0.30828015404113995,0.0,1532,12.488070487976074,"(403, 281, 467, 321)","(160, 160, 384, 272)"
LQG-2266_jpg.rf.99ed2da9860ec2a6d2961220479de965.jpg,correto,0.6903885198966545,0.5513870921374155,482,4.1236348152160645,"(84, 206, 221, 338)","(32, 224, 256, 336)"
HNK-7624_jpg.rf.d82001ce8f5ed18cfbdca8635e9d59ae.jpg,correto,1.3067108767552478,0.7027676384974356,1532,12.382972240447998,"(273, 365, 442, 474)","(256, 384, 448, 480)"
treino-138-_jpg.rf.bb11c413abfa4e6c9bf3359721a965db.jpg,correto,1.8644883573612567,0.8619528619528619,1532,12.422496795654297,"(215, 446, 359, 512)","(224, 448, 352, 512)"
931_jpg.rf.c52c4f3a1ef2ef52cc7ee64f758ad824.jpg,incorreto,0.27110752193534704,0.0,1532,12.128263473510742,"(366, 222, 402, 250)","(192, 96, 320, 160)"
OXI-8882-5-_jpg.rf.cfdb1410608f37ace11fd33981ddc39a.jpg,correto,1.7851577926435978,0.6695005313496281,1532,11.697679281234741,"(230, 366, 410, 471)","(192, 352, 416, 464)"
treino-127-_jpg.rf.1f52a0aeec2cfaa94080d8ce03a86418.jpg,incorreto,0.8692151607075523,0.0,1532,11.571303367614746,"(246, 569, 431, 638)","(32, 448, 192, 528)"
591_jpg.rf.2095d255c2b62194ded259dbdc752512.jpg,incorreto,0.15667885959116912,0.0,1532,11.804137468338013,"(385, 271, 455, 315)","(160, 160, 352, 256)"
LNE-5119_jpg.rf.9ce9910637a61931c532002661506635.jpg,correto,1.0709508778405188,0.7537154989384289,482,3.6482720375061035,"(140, 277, 282, 373)","(128, 288, 288, 368)"
202_jpg.rf.9de3d07817fb398b2e476c798968d081.jpg,correto,0.34118849270920204,0.5900358876926325,1532,11.712690591812134,"(351, 258, 419, 301)","(320, 256, 416, 304)"
treino-191-_jpg.rf.7d754cacf93efdcb67334839d18e91bd.jpg,correto,1.3492075480900305,0.5720663265306123,1532,11.78197693824768,"(241, 468, 425, 546)","(224, 448, 448, 560)"
104_jpg.rf.f55b06699cd73e88fd8fcd03811304ef.jpg,incorreto,0.5586833157270547,0.0,1532,11.84016752243042,"(481, 300, 513, 319)","(320, 192, 448, 256)"
KXK-5970_jpg.rf.89a8d678ae0cf7cbf12cd1283f04e7da.jpg,incorreto,1.1175922735009176,0.4591928251121076,1532,11.819240093231201,"(152, 336, 397, 559)","(160, 416, 384, 528)"
AFN8443_sedan_20240725164743980_jpg.rf.54224b68f82f92fd42266407a99eed37.jpg,incorreto,0.1614760642628298,0.0,33,0.2458963394165039,"(55, 90, 99, 106)","(32, 0, 160, 64)"
PXJ-8271--4-_jpg.rf.c1fb820f0218bfdf4b9c67803aefd5d9.jpg,correto,1.3322777055836723,0.5828993055555556,482,3.7289605140686035,"(140, 237, 298, 305)","(128, 224, 320, 320)"
OXI-8882-3-_jpg.rf.304c909b815506cf8d64df83b92e41b3.jpg,correto,1.678814674206861,0.8681065212832879,1532,12.305389404296875,"(204, 291, 391, 383)","(192, 288, 384, 384)"
960_jpg.rf.e0f93bd0eadf2c2e585927c2d3d9bb89.jpg,incorreto,1.6052503077846039,0.0,1532,11.855571985244751,"(348, 219, 383, 246)","(320, 160, 416, 208)"
765_jpg.rf.38242c93b9fee0a2676cf3e9d213e7ef.jpg,incorreto,0.34583180306420847,0.0031034078931959246,1532,12.10193920135498,"(270, 367, 341, 428)","(288, 288, 448, 368)"
200_jpg.rf.e03edcd046eb670200c8866d6c0b28c8.jpg,incorreto,0.04282392799494189,0.0,1532,11.939293622970581,"(352, 366, 419, 408)","(0, 224, 192, 320)"
treino-287-_jpg.rf.085049e7e8088a0a14a3861ca7535366.jpg,correto,1.1265414034349925,0.7172271791352093,1532,12.092788696289062,"(270, 390, 394, 445)","(256, 384, 384, 448)"
284_jpg.rf.ea8f4a17f03521787c562c02aecf5bb3.jpg,nao_detectado,-999999.0,0.0,1532,12.099408388137817,"(198, 308, 241, 339)",
LSJ-7104_jpg.rf.cdfd7df0740496e520dd1ddab834b7b7.jpg,correto,1.3480594676426287,0.7508693937547055,1532,11.86999249458313,"(231, 282, 418, 409)","(224, 288, 448, 400)"
OXI-8882-8-_jpg.rf.32395b1a3a4bf62acfce358c5d86e99c.jpg,correto,1.6684261314323656,0.7260841836734694,1532,11.739150047302246,"(240, 332, 447, 420)","(224, 320, 448, 432)"
LRK-7301-3-_jpg.rf.79f4b95e41858ea549d31889e241c206.jpg,correto,1.4119341842838344,0.6973607823873532,1532,11.53687310218811,"(218, 442, 468, 615)","(224, 480, 480, 608)"
treino-6-_jpg.rf.8fc5727ca05cc99b21029227013160f4.jpg,correto,1.8767393656984823,0.7820185244330885,1532,11.463170766830444,"(234, 301, 411, 386)","(224, 288, 416, 384)"
PGR-8325-2-_jpg.rf.bae131caee192dfe0ee45a1e6bc7ced2.jpg,correto,1.189750837858492,0.5220330170284674,1532,11.486598014831543,"(165, 344, 496, 528)","(160, 384, 416, 512)"
KRY-2202-2-_jpg.rf.c83039bf0b2cb10e59cea7a456b8b244.jpg,incorreto,0.5821922222048931,0.39008613987623225,1532,11.627970695495605,"(131, 438, 528, 600)","(288, 480, 512, 592)"
LVD-4828_jpg.rf.9d2c5c60c46401de727af493459aa2a1.jpg,incorreto,0.3867409476977267,0.4683286193514438,482,3.719312906265259,"(116, 115, 205, 222)","(96, 128, 256, 208)"
492_jpg.rf.c7b51aeb25e8c73c399cd72fae329191.jpg,incorreto,0.09955530885917241,0.0,1532,11.827033519744873,"(342, 315, 401, 345)","(0, 320, 224, 432)"
174_jpg.rf.830d6007298a3ac923ccaf6df4d2610e.jpg,incorreto,0.5134875841636399,0.0,1532,11.837065696716309,"(444, 294, 490, 322)","(224, 256, 384, 336)"
treino-94-_jpg.rf.6a366a8e94cb8d305eab124fadbd2084.jpg,correto,1.3542762079311639,0.6724782067247821,1532,11.8311767578125,"(254, 441, 372, 493)","(256, 448, 352, 496)"
AXR0525_sedan_20240727064135228_jpg.rf.1775b5083922ee08ad862d9c870a614a.jpg,incorreto,0.03367468249367045,0.035970052083333336,27,0.2061600685119629,"(53, 99, 92, 116)","(0, 32, 192, 128)"
PXK-0480-4-_jpg.rf.ee1b6911a111f312aee5c81f293227ad.jpg,correto,1.614434170094766,0.763923144849426,1532,11.560155391693115,"(199, 313, 466, 436)","(224, 320, 448, 432)"
545_jpg.rf.d292197ebf7156038d4139dda30fbc91.jpg,correto,1.31311067429878,0.62890625,1532,11.581692218780518,"(341, 388, 410, 430)","(320, 384, 416, 432)"
124_jpg.rf.29c85209c603266fbca3315c6da018c7.jpg,incorreto,0.013163039582658798,0.0,1532,11.989665031433105,"(358, 346, 426, 381)","(0, 576, 96, 624)"
822_jpg.rf.f7ac3650c2dee93d2b8f49ba43b9a2c4.jpg,incorreto,0.8193760887197966,0.0,1532,11.927960634231567,"(217, 302, 285, 368)","(192, 96, 288, 144)"
KYU-3725_jpg.rf.b7aef720bd311f286e693400df50cff7.jpg,correto,1.0688548539228515,0.6346666666666667,1532,11.86760425567627,"(230, 428, 468, 620)","(224, 480, 480, 608)"
LRL-9445_jpg.rf.2cdbc408541c718da376b4ec540fdde4.jpg,correto,1.391513509503683,0.7798607391537226,1532,11.57118010520935,"(206, 371, 414, 506)","(192, 384, 416, 496)"
KVW-6586_JPG.rf.08f6cacec46a32dd652473d05316f71d.jpg,correto,0.580193717522543,0.5687685146000846,482,3.8564162254333496,"(128, 141, 296, 299)","(96, 160, 352, 288)"
356_jpg.rf.8ba38bb6d8d3fdaf452fa5aa337fb3ec.jpg,incorreto,0.3070540975448428,0.0,1532,11.7048978805542,"(368, 397, 416, 425)","(32, 160, 224, 256)"
993_jpg.rf.7cb0a8a2d46df318eef01edcdb20ebe3.jpg,correto,1.0910270088832257,0.6012884753042234,1532,11.804224967956543,"(213, 218, 283, 280)","(192, 224, 288, 272)"
LLW-1768_jpg.rf.36555490bf730bff552b55b2d60acbd4.jpg,incorreto,0.8173038396611304,0.436702806122449,482,3.694031000137329,"(190, 142, 322, 225)","(128, 128, 352, 240)"
HGO-8556_jpg.rf.7dd91c658a107faf36002e2f1c64c149.jpg,incorreto,0.6635870425456373,0.41423948220064727,482,3.6795172691345215,"(80, 93, 389, 289)","(160, 160, 384, 272)"
EUL-0433_jpg.rf.5c75ac1b0e25e824ed63d3f9e43301a9.jpg,correto,0.6912924890263373,0.595059326979187,1532,11.79295039176941,"(201, 219, 440, 425)","(192, 288, 448, 416)"
treino-340-_jpg.rf.d38f688210da847124c567032c57bc59.jpg,correto,1.8976032986598206,0.6328125,1532,12.183486700057983,"(265, 433, 400, 493)","(256, 416, 416, 496)"
698_jpg.rf.507a6ba85490011c31534983c9a2aa79.jpg,incorreto,0.18369430137873732,0.0,1532,11.69636058807373,"(265, 178, 333, 228)","(320, 0, 448, 64)"
DSQ-6618_jpg.rf.03cd3a008be51149cea5336d83e69c0b.jpg,correto,0.9810244601785972,0.8549332083430982,482,3.6363415718078613,"(91, 230, 225, 287)","(96, 224, 224, 288)"
KXK-5970-2-_jpg.rf.600da943646d07582b12cf90b3146d53.jpg,incorreto,1.1975657486528202,0.3859054079517618,1532,11.769336938858032,"(127, 367, 493, 599)","(224, 448, 480, 576)"
LRL-9445_jpg.rf.879255b6bed511c1009beba3b0437bbe.jpg,correto,0.6853993731791236,0.59245960502693,482,3.7149670124053955,"(138, 247, 263, 322)","(128, 256, 288, 336)"
590_jpg.rf.98184690557d249ef8cb7db0d0f4e0af.jpg,incorreto,0.1301432117523057,0.023162841796875,1532,11.842195987701416,"(430, 393, 463, 416)","(352, 320, 608, 448)"
579_jpg.rf.485737f0ea648ee36af67e20034cf249.jpg,incorreto,0.16852244136390604,0.0015194015895278168,1532,11.72345519065857,"(359, 383, 411, 412)","(256, 256, 512, 384)"
LMD-8307_jpg.rf.2064d767d5a3f9cf078b2872134b4caf.jpg,incorreto,0.9029673846824421,0.48175182481751827,482,3.5902206897735596,"(104, 166, 236, 293)","(0, 160, 256, 288)"
KRY-2202--2-_jpg.rf.ba7ba042b8f0faaf6728633564b17117.jpg,correto,1.063697426251422,0.7868303571428571,482,3.5963916778564453,"(108, 290, 318, 384)","(96, 288, 320, 400)"
ASA2243_motorcycle_20240725130242029_jpg.rf.1e657a1d2d95b2cba5e89e8b6cf0ce0a.jpg,nao_detectado,-999999.0,0.0,17,0.12534332275390625,"(8, 114, 42, 146)",
576_jpg.rf.1a5f0f71cee3e44a684d6907c4ee0e4e.jpg,incorreto,0.25602808550027867,0.0,1532,11.698604583740234,"(337, 383, 394, 417)","(192, 160, 448, 288)"
LPL-7565_JPG.rf.5f6ab0bb5e59db1f908ea0e1dd189a50.jpg,nao_detectado,-999999.0,0.0,482,3.9357824325561523,"(94, 98, 312, 312)",
161_jpg.rf.2d8fabdf5003a978bc736298923b3ac4.jpg,incorreto,0.2992003467695985,0.4583333333333333,1532,11.921974658966064,"(343, 260, 409, 292)","(320, 256, 416, 304)"
FOC0880_sedan_20240727130220875_jpg.rf.7e70c8444fc79dadc60a7e9a86af7696.jpg,incorreto,0.6113293877887288,0.0,37,0.2852189540863037,"(54, 140, 99, 156)","(32, 0, 192, 80)"
317_jpg.rf.72bd36f032a523ed6cf6c2578f003d7f.jpg,incorreto,0.3191954918265144,0.140380859375,1532,11.61014199256897,"(451, 308, 497, 333)","(416, 288, 544, 352)"
91_jpg.rf.f0dfe0ac1c05cdf2adbed2fb70923c35.jpg,incorreto,0.5291379923238236,0.0,1532,11.740165710449219,"(472, 297, 504, 317)","(320, 192, 448, 256)"
449_jpg.rf.7497ffd56036fd2097b7cff82bd911ae.jpg,incorreto,0.4288587112596717,0.0,1532,11.484403371810913,"(380, 362, 435, 400)","(416, 224, 544, 288)"
treino-72-_jpg.rf.25625c0cc1042161069aed679d05e48d.jpg,correto,1.4348193226173453,0.7725752508361204,1532,11.620423078536987,"(263, 390, 351, 434)","(256, 384, 352, 432)"
336_jpg.rf.18c7a95b47cddec452030b3a87a3d6d5.jpg,incorreto,0.34184539584260376,0.0,1532,11.611538648605347,"(434, 318, 481, 348)","(0, 64, 192, 160)"
209_jpg.rf.d701781655bc81d9dc59fd4cf75fa54d.jpg,correto,0.6926474617427599,0.762987012987013,1532,11.596452236175537,"(234, 316, 314, 367)","(224, 320, 320, 368)"
treino-233-_jpg.rf.fc7653915b3958797d1c878fedb30184.jpg,correto,0.8627894641771651,0.6942295723303992,1532,11.530143022537231,"(281, 374, 434, 445)","(288, 384, 416, 448)"
928_jpg.rf.3fb2feffb4ce848212e25b77876adc7c.jpg,incorreto,0.10415886416446385,0.0,1532,11.53357720375061,"(488, 401, 519, 459)","(352, 320, 448, 368)"
1089_jpg.rf.97886eaf878c209ed112b02d8d12ec5f.jpg,incorreto,0.10626260635815055,0.0,1532,11.480432748794556,"(434, 310, 461, 331)","(288, 160, 512, 272)"
KRF-8133_jpg.rf.4995b7bbacf26948c894346c0b086026.jpg,correto,1.3627303717266313,0.7043736242702651,1532,11.372972249984741,"(90, 164, 326, 327)","(64, 192, 320, 320)"
KXF-1868_jpg.rf.dc7a587938dbf7c2b7725cabf8417b53.jpg,correto,0.9210531892680313,0.6296997083899116,1532,11.527537107467651,"(270, 303, 491, 486)","(256, 320, 512, 448)"
674_jpg.rf.315921a16f1c4c7109aac9b96c4c0fd3.jpg,incorreto,0.8889691757694932,0.0,1532,11.566890001296997,"(129, 416, 187, 505)","(256, 352, 384, 416)"
KND-5908_jpg.rf.59f1391873dd7433dc492e2fdc2fc85f.jpg,correto,0.8829865057908372,0.5603006491288008,1532,11.35008716583252,"(83, 379, 293, 564)","(64, 448, 288, 560)"
1027_jpg.rf.889b663e22b4297e1576e46b2ae3ab01.jpg,incorreto,0.719233548325744,0.0,1532,11.596097707748413,"(212, 362, 289, 435)","(192, 96, 288, 144)"
ALE-8602_jpg.rf.514f30c88b0da6b9a179bd6899f638fa.jpg,correto,0.7232405439522845,0.5965361967440249,482,3.526914596557617,"(71, 289, 180, 383)","(32, 288, 192, 368)"
505_jpg.rf.97ac2e673ec1110317dad51e5bfa1339.jpg,incorreto,0.22410741811375523,0.0,1532,11.485679626464844,"(348, 346, 409, 384)","(288, 256, 384, 304)"
EZV-8086_jpg.rf.d9381261992fb45b3a907f86de8f1e62.jpg,incorreto,0.21981783028387503,0.4093691199688561,1532,11.576170682907104,"(306, 209, 489, 428)","(320, 288, 544, 400)"
EUC-8989_jpg.rf.340f556223faa9f3dba04ff9db159c41.jpg,correto,1.6527118050348042,0.6755555555555556,1532,11.540345191955566,"(111, 347, 321, 504)","(96, 384, 320, 496)"
treino-193-_jpg.rf.71a2b2ed5fd8e765516f0f9e70bcf8cd.jpg,correto,0.8936167298929837,0.5610651974288338,1532,11.517635107040405,"(295, 401, 399, 453)","(288, 384, 416, 448)"
KWQ-5088--2-_jpg.rf.dcc58c505a17a19c118c5e6499d2a625.jpg,correto,0.7861639412608031,0.6462518968133536,482,3.5789952278137207,"(94, 281, 330, 372)","(96, 256, 352, 384)"
LSG-7882_jpg.rf.4772a7e84d38e31c6329ddd2e7de8b29.jpg,incorreto,1.0857266129734469,0.0,1532,11.625082015991211,"(116, 180, 414, 399)","(160, 32, 320, 112)"
treino-48-_jpg.rf.e54ce1a46f245f557dfef6369e4fea0c.jpg,correto,1.5871888936895098,0.6514756944444444,1532,11.612190008163452,"(223, 430, 375, 509)","(192, 416, 384, 512)"
1064_jpg.rf.a67834172d9406c420abe6cfc62acf91.jpg,correto,0.2831460906889698,0.5848901999344477,1532,11.473184823989868,"(227, 270, 310, 331)","(224, 288, 320, 336)"
430_jpg.rf.c3d9185b6397640091c2f0336fe1465a.jpg,incorreto,0.47947861776751,0.0,1532,11.771726608276367,"(453, 299, 483, 319)","(448, 192, 544, 240)"
211_jpg.rf.b7ea5e324b14cb841d0c06c6599d2759.jpg,incorreto,0.662864327334645,0.478515625,1532,11.57429838180542,"(326, 384, 389, 419)","(320, 384, 416, 432)"
LQG-4815_jpg.rf.56341c9b1d14d9cdfb488e7e1ce4f1d3.jpg,correto,1.229432544755237,0.6026938196816395,1532,11.578089952468872,"(185, 431, 355, 576)","(128, 448, 352, 560)"
treino-435-_jpg.rf.0c7a4142d9b977fe1f3f62650521eabe.jpg,incorreto,1.0401852493104977,0.0,1532,11.751344442367554,"(252, 418, 366, 473)","(192, 96, 352, 176)"
treino-341-_jpg.rf.28f80bb66a07e4e30e9c81f1bf4df18d.jpg,incorreto,0.6532505791027997,0.0,1532,11.89531421661377,"(287, 414, 367, 454)","(224, 192, 416, 288)"
KVT-6195_jpg.rf.8059daa88666ee2ae6fbc5929ee2a68e.jpg,incorreto,1.0966611973162235,0.15448053907271447,482,3.6949915885925293,"(74, 183, 257, 346)","(96, 192, 192, 240)"
PXK-0457--6-_jpg.rf.6ae2a2c744399231961660c8e7b77c8f.jpg,incorreto,1.0770272575304016,0.4814453125,482,3.6196086406707764,"(96, 251, 249, 309)","(64, 224, 256, 320)"
927_jpg.rf.27d8b3c0c846d839e40022da042ce9a7.jpg,correto,0.7304180705725608,0.5704584040747029,1532,11.865321636199951,"(186, 221, 249, 280)","(160, 224, 256, 272)"
LQK-6420_jpg.rf.f8ea6c58721127bd78d72b54c9ef8b58.jpg,correto,1.2277708998652725,0.6360248447204969,1532,11.554093599319458,"(190, 351, 400, 489)","(192, 384, 384, 480)"
treino-390-_jpg.rf.77db107d83490381ef99638f0c390b15.jpg,correto,1.8613194328871696,0.7892878163625662,1532,11.78690218925476,"(245, 385, 405, 457)","(256, 384, 416, 464)"
417_jpg.rf.59ea29ecb417fe1981d1c6dd9581cbed.jpg,correto,1.3890494624759233,0.7334933973589436,1532,11.845573902130127,"(173, 315, 251, 367)","(160, 320, 256, 368)"
KXQ-4386_JPG_jpg.rf.5238999ece432e2f4607d00041daa5ca.jpg,nao_detectado,-999999.0,0.0,1532,11.770628929138184,"(268, 107, 593, 557)",
PXJ-8256_jpg.rf.0d871520b1b36061dafac4d8907f202f.jpg,correto,1.4651696772054459,0.8534707981009636,1532,11.807748317718506,"(201, 417, 471, 540)","(192, 416, 448, 544)"
treino-300-_jpg.rf.718ffb41e8e9e7be3825e0d1b0a4572b.jpg,correto,0.8070169678897628,0.5013477088948787,1532,11.692051410675049,"(267, 504, 413, 564)","(320, 512, 416, 560)"
401_jpg.rf.a97a60ea43bb4810f04fbbb12c98d838.jpg,incorreto,0.2549061094931343,0.05683992346938776,1532,11.929402589797974,"(254, 326, 300, 357)","(192, 256, 416, 368)"
treino-261-_jpg.rf.c6aa6366c05fca91387386879970c469.jpg,correto,0.571192800354917,0.6126126126126126,1532,12.18567967414856,"(276, 493, 395, 546)","(256, 480, 384, 544)"
KXM-0416_jpg.rf.4d01eab80b78114122dbede8c593aad6.jpg,correto,2.150485212427371,0.8432321152856408,1532,12.085801362991333,"(181, 435, 449, 580)","(192, 448, 448, 576)"
PXJ-8264--4-_jpg.rf.84888a7847277ccef7943ca61c7b3e3f.jpg,nao_detectado,-999999.0,0.0,482,3.7040538787841797,"(185, 250, 298, 307)",
PXJ-8256-2-_jpg.rf.62fb3facba34b463d361b33fd1aa4020.jpg,incorreto,1.1563091466086335,0.0,1532,11.71399450302124,"(277, 354, 435, 479)","(0, 352, 128, 416)"
891_jpg.rf.fa397866b0bc80267258ac1f8eca2361.jpg,nao_detectado,-999999.0,0.0,1532,11.995596885681152,"(351, 384, 393, 426)",
720_jpg.rf.3860e7e5b7660fe939e0718b4f3469d8.jpg,incorreto,0.3077065930070718,0.0,1532,11.78263545036316,"(264, 202, 329, 257)","(352, 224, 448, 272)"
79_jpg.rf.53d2c3a280253ae84d005d1c8d4c9ccb.jpg,nao_detectado,-999999.0,0.0,1532,11.836702108383179,"(309, 374, 373, 410)",
LQG-1985_jpg.rf.ba49c636aa57bf413028b8fd23bd6265.jpg,correto,1.1483572721752733,0.5922388059701492,1532,11.81111216545105,"(260, 328, 508, 540)","(256, 384, 512, 512)"
treino-47-_jpg.rf.e21aceeeaeb739a80fde75bb7991d9f0.jpg,correto,1.1558178837776318,0.6479190101237345,1532,11.625333786010742,"(286, 509, 413, 565)","(288, 512, 384, 560)"
KQR-5958_jpg.rf.fd981007d8e669bbd21068bd52d9105d.jpg,correto,0.9853397831580383,0.6441215658904892,482,3.6865594387054443,"(109, 235, 250, 328)","(96, 256, 256, 336)"
906_jpg.rf.81b9e89b8228cafebedf1d75bf4a3e3b.jpg,incorreto,0.1943765165961101,0.0,1532,11.890053510665894,"(208, 183, 268, 254)","(256, 64, 480, 176)"
treino-67-_jpg.rf.9cdfa17b9a0c01341468104887dd2d54.jpg,correto,2.145628270023941,0.8732096354166666,1532,11.78229284286499,"(228, 321, 413, 408)","(224, 320, 416, 416)"
treino-376-_jpg.rf.f736ae2c0599ec88e0407610052b9102.jpg,correto,1.1482165105759181,0.7201210287443268,1532,11.54930329322815,"(248, 358, 390, 428)","(224, 352, 384, 432)"
794_jpg.rf.b4b7c1ae173b5eb9540950e2741906b4.jpg,incorreto,0.27659410470443613,0.002098085496984002,1532,11.755267143249512,"(432, 398, 478, 452)","(288, 320, 448, 400)"
LRN-0207--3-_jpg.rf.d7b6b9e823df70ae7e9205ff23c466e1.jpg,correto,1.2586287029408965,0.7038126839040881,482,3.6096415519714355,"(183, 304, 338, 397)","(192, 320, 352, 400)"
1068_jpg.rf.e8fa45109200758f06763affe2cb7e22.jpg,incorreto,0.3494201912505508,0.05258148941232453,1532,11.464994668960571,"(249, 451, 317, 523)","(224, 384, 384, 464)"
377_jpg.rf.6649c4dd24e63c6795a21a9e28c60e00.jpg,incorreto,0.8544570698218176,0.0,1532,11.654356479644775,"(413, 293, 465, 322)","(352, 192, 512, 272)"
AZY7172_motorcycle_20240729172334351_jpg.rf.3f73e6d03a7cf6205d20506d80cc42ae.jpg,nao_detectado,-999999.0,0.0,33,0.26021599769592285,"(12, 77, 61, 113)",
KVR-8358_jpg.rf.9515e65bf240af93c9de629e84974a26.jpg,correto,1.3279026579143172,0.6005830903790087,1532,11.807827711105347,"(306, 367, 514, 542)","(288, 416, 512, 528)"
PFG-7997--3-_jpg.rf.9ec0453bc7663f711edaea353e617510.jpg,correto,0.947648218126412,0.651394422310757,482,3.895174264907837,"(102, 137, 356, 221)","(96, 128, 320, 240)"
94_jpg.rf.17ebd1dd95213cdf4018aeb57a925649.jpg,incorreto,0.39904430860445195,0.1257595486111111,1532,11.883577108383179,"(222, 308, 283, 346)","(160, 288, 352, 384)"
PXK-0457--4-_jpg.rf.039d9dd438c09286ea56e6fe2f744ce7.jpg,correto,1.8486182244353753,0.5694444444444444,482,3.8061842918395996,"(117, 237, 281, 301)","(96, 224, 288, 320)"
treino-469-_jpg.rf.2c89e3f2af0902055b7bbaaee05ab64b.jpg,correto,1.3627131417588703,0.560302734375,1532,11.674586772918701,"(242, 424, 344, 469)","(224, 416, 352, 480)"
955_jpg.rf.c967a415a71fdf428697f682667a8060.jpg,correto,1.238222822960668,0.5891238670694864,1532,11.571681022644043,"(287, 285, 355, 341)","(256, 288, 352, 336)"
110_jpg.rf.67ff12a29e904d13f827a1358f4b8fcb.jpg,incorreto,0.6471374586322735,0.0,1532,11.824950695037842,"(397, 397, 434, 421)","(0, 576, 96, 624)"
PXJ-8526_jpg.rf.9d153c1dd9c70b7438fbf2fd08981c87.jpg,correto,1.4601090326260273,0.8058479069399382,1532,11.711705684661865,"(197, 356, 418, 449)","(192, 352, 416, 464)"
AYZ8D71_pickuptruck_20240727174929824_jpg.rf.30ba543571eb6dec1574deedbde86705.jpg,nao_detectado,-999999.0,0.0,37,0.2793715000152588,"(65, 122, 105, 140)",
642_jpg.rf.5e573b38c01722862856e0dbcd598390.jpg,incorreto,0.3326031348620243,0.43994140625,1532,11.924471378326416,"(239, 167, 307, 220)","(192, 160, 320, 224)"
387_jpg.rf.0b4e597c1369b8ee5bd8eb6932970a63.jpg,correto,0.9722363778419781,0.6102117061021171,1532,11.61797285079956,"(362, 285, 432, 330)","(352, 288, 448, 336)"
372_jpg.rf.f8f237cef9e16272e16e3e1e2d58de54.jpg,incorreto,0.5286775218439438,0.1549072265625,1532,11.560344696044922,"(446, 304, 493, 331)","(384, 288, 512, 352)"
178_jpg.rf.c8e3d44c61c31708b639385b95923ccd.jpg,incorreto,0.37698756888822393,0.0,1532,11.686685800552368,"(479, 287, 522, 312)","(320, 192, 448, 256)"
LNS-8606_jpg.rf.57d2e09e12f100c2c94d0c0cc74091c4.jpg,correto,0.7148894014211079,0.6772633033863165,482,3.625603437423706,"(201, 219, 299, 284)","(192, 224, 320, 288)"
902_jpg.rf.50b6b7a74a16819d721806f84b03bf19.jpg,incorreto,0.26369238432433595,0.0,1532,11.751705884933472,"(396, 395, 441, 448)","(256, 288, 352, 336)"
treino-187-_jpg.rf.a45190035ae99640349b6a737e3efd5f.jpg,incorreto,0.02894639416055661,0.4236462259814287,1532,11.567323207855225,"(186, 564, 335, 637)","(192, 576, 288, 624)"
357_jpg.rf.69394613e4205201c6dc56651376f25f.jpg,incorreto,0.28170090053409214,0.022391336162739646,1532,11.401856422424316,"(355, 359, 423, 401)","(256, 256, 480, 368)"
PUV-5373-6-_jpg.rf.8881fb28cfcdbb4e96236c733bc1f9d4.jpg,correto,0.9882028052378277,0.6149411482104252,1532,11.460525035858154,"(203, 335, 384, 450)","(224, 352, 384, 432)"
treino-310-_jpg.rf.b89d9c9033f1d6ebc04e2ff60baca948.jpg,correto,1.028818638843234,0.6340807174887892,1532,11.812511920928955,"(283, 261, 397, 317)","(256, 256, 384, 320)"
treino-369-_jpg.rf.0ac112a1a7c6ad97a0b25d46d4fc4afe.jpg,correto,1.8387764545724754,0.544677734375,1532,11.634925365447998,"(264, 260, 361, 306)","(256, 256, 384, 320)"
PDZ-0097_jpg.rf.367822d740f5a58ceb3c1303231d228e.jpg,incorreto,1.1760947315999646,0.4964971304175737,1532,11.315885543823242,"(123, 325, 449, 480)","(224, 352, 448, 464)"
PFG-7997-2-_jpg.rf.c3719caca9170ddb4d1e9cc50d08b41f.jpg,correto,0.46899089256064286,0.5356360013284623,1532,11.49105429649353,"(260, 227, 513, 463)","(256, 256, 512, 384)"
treino-200-_jpg.rf.53728f6ff7468219dcc3a47514664083.jpg,correto,0.6544975895389734,0.5878125,1532,11.654812097549438,"(186, 494, 300, 560)","(160, 480, 320, 560)"
159_jpg.rf.98bab731031e6be9438670592d5443ac.jpg,incorreto,0.7328111461899861,0.19375,1532,11.536128997802734,"(369, 376, 431, 416)","(288, 352, 448, 432)"
559_jpg.rf.eb97aa8c74455d80d618467b4d61ab25.jpg,incorreto,0.6064281361211182,0.0,1532,11.622795820236206,"(495, 304, 527, 324)","(320, 192, 448, 256)"
PDN-5443_jpg.rf.f362529a35253f357bb03e69a2ca5c3c.jpg,incorreto,0.4833275851302713,0.27654012021540453,1532,11.621241331100464,"(107, 213, 477, 454)","(256, 288, 480, 400)"
MHQ3A28_sedan_20240725180941588_jpg.rf.032bf7aa5c6df7955d0e372a218b4d58.jpg,incorreto,0.14873375928511967,0.0,47,0.34827113151550293,"(61, 163, 108, 181)","(32, 32, 160, 96)"
75_jpg.rf.a8f40f4667154b60ed4078c1b252e423.jpg,incorreto,0.23944889053385432,0.009316770186335404,1532,11.601278305053711,"(348, 285, 412, 322)","(288, 192, 480, 288)"
713_jpg.rf.587ed22a9ca7dcef1d8773c2c6667b85.jpg,incorreto,0.4179440521026897,0.0,1532,11.575517654418945,"(358, 259, 396, 287)","(192, 96, 320, 160)"
OYV-6433_jpg.rf.1bcf70fba25869844fff72969d3e3e88.jpg,correto,1.3139881962463416,0.8030966175019607,1532,11.467960119247437,"(232, 475, 509, 614)","(224, 480, 480, 608)"
1013_jpg.rf.e62a6a054b6642737bc5c08e32c30c66.jpg,incorreto,0.7028289520952143,0.0,1532,11.431092977523804,"(207, 323, 272, 394)","(192, 96, 288, 144)"
LJA-1093_JPG.rf.ab142a88b9fc9caae060b38f3d23b228.jpg,incorreto,0.514950711261834,0.0,482,3.626356840133667,"(216, 146, 314, 235)","(0, 128, 128, 192)"
239_jpg.rf.f5803b7b543562502a7acd34e55b2026.jpg,incorreto,0.6741150760781277,0.0,1532,11.545275926589966,"(226, 314, 300, 364)","(160, 192, 384, 304)"
LOJ-4414_jpg.rf.3e61c88d4b2cdb084a3bf1f06637bd57.jpg,correto,1.2460815261173042,0.796390206663395,1532,11.523268461227417,"(269, 385, 499, 529)","(256, 384, 512, 512)"
PXY-0360-3-_jpg.rf.e567f36ccf68f08e602a69148ed35467.jpg,correto,0.8987292628040248,0.53955078125,1532,11.571757555007935,"(205, 296, 375, 400)","(192, 288, 448, 416)"
FJY-9514-3-_jpg.rf.4d0adbc2e25adaf637edbb387886b0c8.jpg,correto,1.285861923046495,0.8330917524278881,1532,11.570846319198608,"(236, 354, 445, 476)","(224, 352, 448, 464)"
treino-360-_jpg.rf.ff4578b51236a321ccf4955320450ac6.jpg,incorreto,1.208923293723624,0.39724170918367346,1532,11.370786905288696,"(249, 540, 400, 606)","(192, 512, 416, 624)"
EZG-3164_jpg.rf.7975c548ca773bd3b255d628a53ce2bb.jpg,correto,0.505182766461992,0.5237851662404092,1532,11.47734022140503,"(350, 372, 557, 542)","(352, 416, 544, 512)"
221_jpg.rf.23a859f78c2a303ad346b8a9df014354.jpg,incorreto,0.05139577661287453,0.0,1532,11.666383028030396,"(356, 367, 422, 412)","(0, 224, 192, 320)"
PDK-9448-2-_jpg.rf.3a8d0677099f9e7357bcb700f338eb09.jpg,correto,1.2802588824332704,0.6559527901913601,1532,11.5974862575531,"(234, 400, 500, 523)","(224, 416, 448, 528)"
LQK-9502_JPG.rf.ddbc9338b0a47af73ef96f6a95659664.jpg,correto,0.906701187070374,0.5863503585022573,482,3.7225494384765625,"(141, 140, 348, 328)","(128, 192, 384, 320)"
635_jpg.rf.0ca7ed1224f24b48f375deda0c799ade.jpg,nao_detectado,-999999.0,0.0,1532,11.841784238815308,"(399, 409, 454, 469)",
316_jpg.rf.b80594a9d04940bc47097f196637bfe5.jpg,incorreto,0.24683720749752391,0.150390625,1532,12.160642385482788,"(384, 366, 439, 401)","(320, 352, 480, 432)"
502_jpg.rf.4368379340258b13af5171ef0ab9562e.jpg,incorreto,0.9062347887767642,0.006679530948493394,1532,12.384387016296387,"(348, 269, 408, 303)","(256, 160, 480, 272)"
439_jpg.rf.ad5c2f3262e02491a7a81695a10e9fa2.jpg,incorreto,0.1757951456265323,0.010900788097517862,1532,12.06612753868103,"(419, 300, 456, 325)","(384, 224, 544, 304)"
KQE-1438--2-_jpg.rf.675dce493e8c7485248e1580e8689bfc.jpg,incorreto,0.9923192122410974,0.46360153256704983,482,3.7289862632751465,"(91, 123, 219, 249)","(64, 128, 320, 256)"
882_jpg.rf.399b1a0d74743f98592fd0207e86abc6.jpg,incorreto,0.634160009535539,0.19694010416666666,1532,11.895557641983032,"(252, 244, 318, 299)","(224, 224, 416, 320)"
551_jpg.rf.c831f905e683dc2104164597c8581800.jpg,incorreto,0.03007568583369996,0.018588931136459652,1532,11.878207921981812,"(190, 284, 234, 317)","(160, 224, 288, 288)"
treino-162-_jpg.rf.e30f4c223b5819152eafc3b2161d41ae.jpg,correto,1.2466577061311637,0.577711007921333,1532,11.61847472190857,"(258, 437, 382, 493)","(288, 448, 384, 496)"
treino-393-_jpg.rf.51e5cf65b2243ba1fe981da8a25d40f6.jpg,correto,1.452421303599809,0.7126206519759607,1532,11.65128207206726,"(270, 485, 379, 529)","(288, 480, 384, 528)"
140_jpg.rf.c42370d94f612c2c62accab529598524.jpg,incorreto,0.11798799476368216,0.0,1532,11.854182243347168,"(150, 312, 200, 349)","(32, 192, 160, 256)"
treino-311-_jpg.rf.873fde73580f8a7fa259af79624afe4a.jpg,correto,1.9445139054747274,0.8896875,1532,11.726360559463501,"(256, 352, 412, 425)","(256, 352, 416, 432)"
treino-442-_jpg.rf.7c493d69a441d2083aa2a1c8be57c84f.jpg,correto,1.3538934799608775,0.5953125,1532,11.778177261352539,"(255, 364, 382, 424)","(224, 352, 384, 432)"
KYL-9863_jpg.rf.c05b29838d7b49f47ecb1a4ab31802c8.jpg,correto,0.9925436478134236,0.6367236966186178,1532,11.729695558547974,"(233, 245, 444, 414)","(224, 288, 448, 400)"
LPA-1686_jpg.rf.9aabd8617ba459d03b43a3f82ee2d3b0.jpg,incorreto,0.7734870251253273,0.37491609543762583,1532,11.580148458480835,"(157, 223, 368, 456)","(160, 224, 352, 320)"
PGB-1924--2-_jpg.rf.5edd8226de8b52400763b80ad3ba538a.jpg,correto,1.2880707569966647,0.8323400250941029,482,3.6877858638763428,"(105, 225, 296, 312)","(96, 224, 288, 320)"
LNF-4876_jpg.rf.f37ecc398a8802b9a416ea79e787d469.jpg,correto,1.129967853338358,0.5771888096047118,482,3.5919950008392334,"(165, 185, 256, 248)","(160, 192, 288, 256)"
LQG-2266_jpg.rf.2d73d199cf46b640e50500c09c381877.jpg,incorreto,0.38044958982861365,0.45645171892460396,1532,11.84202265739441,"(117, 309, 345, 554)","(128, 352, 384, 480)"
373_jpg.rf.5a583173cbd206607861604a9ce750dd.jpg,incorreto,0.8130355825370533,0.0,1532,12.143894910812378,"(395, 395, 443, 427)","(320, 288, 512, 384)"
treino-491-_jpg.rf.06728eaf224e716def8fd973a2cac090.jpg,correto,0.05907409646190254,0.6457399103139013,1532,11.72827410697937,"(308, 310, 417, 362)","(320, 320, 416, 368)"
427_jpg.rf.0704c47aa917e419fc9a5c035ab16505.jpg,incorreto,0.23297996010371025,0.0,1532,11.818454265594482,"(348, 356, 406, 388)","(288, 160, 480, 256)"
783_jpg.rf.93394a4dc8f59a7c5ee4016feb81534f.jpg,incorreto,0.20572089334980748,0.16328125,1532,11.871429681777954,"(343, 175, 398, 213)","(320, 160, 480, 240)"
LRN-0207-2-_jpg.rf.d013a4ad4093eb4aad6f4007a0e46e2b.jpg,correto,1.0514587637127804,0.5519790543662406,1532,11.593272924423218,"(185, 449, 486, 600)","(224, 480, 448, 592)"
348_jpg.rf.b34893308efbd6aae2960fdb49aae24f.jpg,incorreto,0.4537737691685929,0.0,1532,11.709827661514282,"(450, 295, 485, 317)","(224, 256, 416, 352)"
KQJ-9765_jpg.rf.6e83337bce6aa84bf82334799e2a9b3d.jpg,incorreto,1.183600919637536,0.43061737952390167,482,3.62265682220459,"(56, 247, 360, 359)","(32, 224, 256, 336)"
treino-428-_jpg.rf.a8e170625ce90902ebb0737a8164f35a.jpg,correto,1.555618609513295,0.56234375,1532,11.538264274597168,"(275, 294, 397, 353)","(256, 288, 416, 368)"
treino-102-_jpg.rf.b1ffdaa593449a82262ecaf989146b35.jpg,incorreto,0.31212618622571897,0.275092936802974,1532,11.515946388244629,"(246, 488, 389, 552)","(160, 480, 320, 560)"
LPU-7567_jpg.rf.5653e9f341e912f16f711368f80fe597.jpg,correto,0.9857323469134097,0.5798773891092679,482,3.68310546875,"(62, 234, 196, 358)","(32, 256, 224, 352)"
treino-323-_jpg.rf.79dcd51d511f06094da251e7288fb6f6.jpg,incorreto,1.2768384408909128,0.4895833333333333,1532,11.656814813613892,"(221, 508, 362, 572)","(192, 480, 384, 576)"
402_jpg.rf.25c392472fc561f1c1eaa6a0db43788e.jpg,correto,0.9360431041299185,0.5947343676539727,1532,11.64747953414917,"(228, 351, 324, 407)","(192, 352, 320, 416)"
LRM-6867_jpg.rf.4a79ad1b2354ea6f2f1119b34876a99e.jpg,incorreto,0.6537056544865233,0.4555052790346908,1532,11.70432734489441,"(201, 489, 373, 639)","(192, 544, 352, 624)"
272_jpg.rf.63fe446ddac0e7266fa8ccfa9aea113a.jpg,incorreto,0.17978312005016017,0.399609375,1532,11.51905107498169,"(99, 332, 192, 387)","(96, 320, 256, 400)"
58_jpg.rf.4c613d065c46671c971c748c2c969195.jpg,correto,0.5833357838096366,0.5668202764976958,1532,11.691131353378296,"(380, 189, 453, 233)","(384, 192, 480, 240)"
121_jpg.rf.2e9b1f1ed0911d984de597659b316d89.jpg,correto,0.7655837062397078,0.6949564512862062,1532,11.655217170715332,"(279, 384, 359, 431)","(256, 384, 352, 432)"
114_jpg.rf.bda0d73f5dd686fc832574cd00357ced.jpg,incorreto,0.46708338771154645,0.0933837890625,1532,11.649576425552368,"(216, 312, 284, 357)","(160, 288, 416, 416)"
treino-377-_jpg.rf.ffdd2d17196322e3ff1aa9f77c73a3fa.jpg,incorreto,0.8304008047861061,0.0,1532,11.718210220336914,"(250, 437, 369, 490)","(192, 64, 448, 192)"
476_jpg.rf.18d0a0f74a439fa387c521ce9a75dee5.jpg,incorreto,0.15787834090689323,0.0,1532,11.863507509231567,"(421, 305, 475, 339)","(0, 64, 192, 160)"
treino-239-_jpg.rf.e876d44c8b913cdfa5c782454cd52a44.jpg,correto,1.1925880038050956,0.6,1532,11.810900211334229,"(392, 536, 512, 600)","(416, 544, 512, 592)"
PFU-6000_jpg.rf.efdcc23332f19f0fabf0e827337e7f55.jpg,correto,1.32265460983308,0.58056640625,482,3.87687087059021,"(161, 268, 277, 309)","(160, 256, 288, 320)"
OMF-5160_jpg.rf.e2c5de03bdd1490237b9ccf9f8c152de.jpg,correto,0.8078706449229703,0.6006854732401793,482,3.7320556640625,"(82, 164, 260, 321)","(64, 192, 320, 320)"
368_jpg.rf.31efffa2a37f61a6f9ae1fe7ba6e7671.jpg,incorreto,0.19795524207512083,0.0,1532,11.910113096237183,"(470, 305, 511, 329)","(32, 352, 224, 448)"
203_jpg.rf.8a3ee9d8d85789219c3b29fa70009ae2.jpg,incorreto,0.14848627608737475,0.0,1532,12.257380962371826,"(475, 288, 510, 312)","(0, 64, 192, 160)"
treino-357-_jpg.rf.3bdf8df0c5bded6c635742e38e4b2270.jpg,incorreto,1.42752405542103,0.0,1532,11.798956394195557,"(263, 396, 344, 433)","(0, 96, 96, 144)"
BAG-7751--3-_jpg.rf.ba96f732a6c8ea2c0572fb9590359b29.jpg,correto,1.0159315172017718,0.6065865598575879,482,3.637662887573242,"(79, 217, 331, 318)","(128, 224, 352, 336)"
LUW-1038_jpg.rf.5c6428ed45eb35e14be9c1eeda63217b.jpg,correto,1.2324205674429929,0.7264312207708434,482,3.6460390090942383,"(82, 237, 319, 357)","(96, 256, 320, 368)"
486_jpg.rf.9753377dd6502c6cd7962a14a3d1a3ab.jpg,incorreto,0.179168224863701,0.0,1532,11.862505912780762,"(340, 344, 380, 369)","(352, 192, 544, 288)"
743_jpg.rf.77307ffa06b6f00d4068e5b077f1f851.jpg,incorreto,0.9141074102304277,0.4659375,1532,12.186083555221558,"(271, 327, 355, 398)","(256, 320, 416, 400)"
treino-381-_jpg.rf.3138333b47a0fc15b72b692eeb1ed347.jpg,correto,1.450528348165638,0.5473984319315752,1532,11.655429601669312,"(251, 308, 389, 369)","(256, 320, 352, 368)"
treino-407-_jpg.rf.f9945a1978964c887438b925f44f331a.jpg,incorreto,1.4885395306738123,0.38037109375,1532,11.836980104446411,"(286, 305, 409, 362)","(256, 288, 448, 384)"
KXM-0416_jpg.rf.497c83dcb5ffaf3ec221a98e185fd523.jpg,correto,2.126810378660424,0.9220857965742004,482,3.6437795162200928,"(125, 287, 282, 367)","(128, 288, 288, 368)"
413_jpg.rf.f634adfcc239b235d3c798ba4fe698a8.jpg,incorreto,0.1908874216522215,0.0,1532,11.80940866470337,"(402, 291, 452, 320)","(160, 160, 416, 288)"
230_jpg.rf.6adc24cab1573037a41465ec21bd2050.jpg,incorreto,0.31339228342380876,0.13,1532,11.791568279266357,"(420, 308, 472, 340)","(384, 288, 544, 368)"
126_jpg.rf.f3d4933fb921a494b0105c77c7ad87c0.jpg,incorreto,0.25679941697974007,0.03403917883050897,1532,11.769767761230469,"(323, 365, 384, 405)","(224, 256, 480, 384)"
KYQ-2563_jpg.rf.f19f96fb8bd451ab5ac4d4d9f2378905.jpg,incorreto,1.4058530583589337,0.05722801788375559,1532,11.8177969455719,"(304, 242, 634, 486)","(448, 288, 544, 336)"
treino-322-_jpg.rf.b5dd391e8133d89ca8097fd20afd7e46.jpg,correto,1.145330813613548,0.623046875,1532,11.719451427459717,"(291, 426, 407, 470)","(288, 416, 416, 480)"
PVK-3268_jpg.rf.942c4db48ec8510e82713928c17a1c57.jpg,correto,2.0949252568114685,0.63875,482,3.654493570327759,"(141, 268, 287, 324)","(128, 256, 288, 336)"
877_jpg.rf.f2e132eb5d29c2e208eeecf3346fb2a3.jpg,correto,0.7874581414596221,0.5625708884688091,1532,11.74082899093628,"(221, 150, 283, 209)","(192, 160, 288, 208)"
LSM-9443_jpg.rf.8710f23524aabb303b5efcdb8fd179c5.jpg,correto,1.5517322722172966,0.706861962594646,1532,11.706634044647217,"(126, 405, 433, 556)","(128, 416, 384, 544)"
BEJ2C21_suv_20240726130950034_jpg.rf.34a3727e909113b058297ea9d244406f.jpg,incorreto,0.10543284523261731,0.1263537906137184,47,0.35989880561828613,"(66, 104, 114, 125)","(0, 96, 96, 144)"
99_jpg.rf.878a0ce92fd8a72fe449c6043aa660ec.jpg,correto,1.2325544319918076,0.6050347222222222,1532,11.591889381408691,"(322, 389, 390, 430)","(320, 384, 416, 432)"
LRN-0207_jpg.rf.db0d476d647135bade83743a083406f4.jpg,correto,1.088744520174052,0.5008559550012228,1532,11.693220376968384,"(139, 390, 487, 578)","(224, 448, 480, 576)"
500_jpg.rf.8a0dc273edbf864af372b25520356d2f.jpg,incorreto,0.6044301793406269,0.004141616566466266,1532,12.111460447311401,"(347, 367, 409, 403)","(288, 288, 448, 368)"
treino-27-_jpg.rf.6d0ae36ab8c39f1abfe1e25443629ae5.jpg,correto,2.0980697122378107,0.94453125,1532,12.033594846725464,"(194, 354, 349, 432)","(192, 352, 352, 432)"
123_jpg.rf.2505c1e2512f605d88582573065a520e.jpg,incorreto,0.7183682936157286,0.14953125,1532,11.757937669754028,"(234, 288, 292, 321)","(160, 256, 320, 336)"
541_jpg.rf.c64ad0c7551e982699fe2b2ced5589a5.jpg,incorreto,0.5191733170576197,0.0,1532,11.76362156867981,"(368, 375, 427, 411)","(0, 224, 224, 336)"
treino-33-_jpg.rf.b255d784747a7b003a1a5a4b53b6d4d2.jpg,incorreto,1.5797737193050687,0.455,1532,11.703413009643555,"(218, 464, 322, 520)","(192, 448, 352, 528)"
222_jpg.rf.cb63e5bbab4a625ca9a275bd361cf7f6.jpg,incorreto,1.5357540072586864,0.0,1532,12.044180154800415,"(352, 360, 413, 397)","(288, 256, 448, 336)"
treino-303-_jpg.rf.4c59a7ea03d9966b0e7bea408bc1fc43.jpg,correto,1.1012550150220939,0.5425,1532,11.773207187652588,"(277, 472, 401, 528)","(256, 448, 416, 528)"
OIP-4357_jpg.rf.2510c606ba70fa7e074d0a1e455e7d76.jpg,correto,0.8065444055183545,0.6475,482,3.6759796142578125,"(167, 260, 315, 316)","(160, 256, 320, 336)"
PVK-3268-5-_jpg.rf.84223493e78941caeaffeac2b1236fb6.jpg,correto,1.4564067179272837,0.7339127381265912,1532,11.700397968292236,"(217, 257, 432, 355)","(256, 256, 448, 352)"
170_jpg.rf.58ce539a7fff264fdc5ac9209484978a.jpg,incorreto,0.19033008955196362,0.07318239795918367,1532,11.629016637802124,"(361, 386, 415, 420)","(288, 352, 512, 464)"
OWO-7837-3-_jpg.rf.500d3a62c20a967fffb48bb8b480d313.jpg,correto,2.513751600208453,0.8419189453125,1532,11.661515474319458,"(237, 330, 479, 444)","(224, 320, 480, 448)"
560_jpg.rf.48dad02cc9b93fff110d0a7c6e7e1182.jpg,incorreto,0.0710374556683524,0.0,1532,11.845834493637085,"(365, 344, 428, 379)","(320, 160, 480, 240)"
329_jpg.rf.fb665871de1f4db9fdef71f91591c654.jpg,incorreto,0.49147594478779677,0.0,1532,11.795870780944824,"(458, 295, 493, 316)","(320, 192, 448, 256)"
LPA-7932_jpg.rf.1a405d7dfcb46cdf1b9c5f0f4ac0d302.jpg,correto,0.17680210520163864,0.5344644750795334,1532,11.884901285171509,"(232, 284, 468, 472)","(224, 352, 448, 464)"
PXJ-8271-6-_jpg.rf.398e9af0dd45693a7ca5d64edb4df9d1.jpg,correto,0.8926885733434186,0.6510946528851632,1532,11.547354698181152,"(230, 387, 525, 551)","(224, 416, 480, 544)"
KWW-1038_jpg.rf.7e8581b89954a66599b1458ff3129dd1.jpg,correto,0.8946164588800446,0.6019251336898396,482,3.729515790939331,"(176, 158, 310, 244)","(128, 160, 320, 256)"
KRD-5833_jpg.rf.5d0ea1487edeed8b0f33b23acab41106.jpg,incorreto,1.6160717674740654,0.1046749352596429,1532,11.812818050384521,"(246, 365, 499, 539)","(320, 384, 416, 432)"
837_jpg.rf.0a54a45f9f1a4c957d70786997cbd0f9.jpg,incorreto,0.9605262931136086,0.0,1532,11.912021398544312,"(393, 392, 446, 448)","(256, 288, 352, 336)"
588_jpg.rf.fddffef35e22db3bd528cbd7cc9cc341.jpg,incorreto,1.0045398537236472,0.077362060546875,1532,11.812716960906982,"(312, 380, 377, 419)","(256, 320, 512, 448)"
386_jpg.rf.90c0fbbfbc3f946f5359903fb360977c.jpg,correto,0.20725508442862428,0.6684027777777778,1532,11.766494274139404,"(297, 387, 374, 427)","(288, 384, 384, 432)"
treino-178-_jpg.rf.bc2b418f2f5d40f201233740573e33c2.jpg,correto,1.2993580088646048,0.8219305378092694,1532,11.856261253356934,"(262, 422, 389, 481)","(256, 416, 384, 480)"
1036_jpg.rf.aaf5b5dfde15604f66d96a9c8365b188.jpg,correto,0.728553285705967,0.6129032258064516,1532,11.996165037155151,"(212, 180, 290, 244)","(192, 192, 288, 240)"
596_jpg.rf.174340bcdf4bd31d9327d655cc9dc8c9.jpg,incorreto,0.06882491638664223,0.0,1532,11.888330221176147,"(412, 307, 444, 332)","(288, 160, 512, 272)"
LRU-6565_JPG.rf.8665fd172c3fcec16824274ff28156bf.jpg,correto,0.7882649034604495,0.5298146150565688,482,3.7569680213928223,"(142, 156, 307, 327)","(64, 192, 320, 320)"
307_jpg.rf.545d26c6e3a2c48e3539e1323a6043c4.jpg,incorreto,0.47208504201679413,0.07254464285714286,1532,11.885902166366577,"(223, 311, 275, 346)","(192, 288, 416, 400)"
KOV-8838_jpg.rf.12f90f7f2ffd6cb8bbcaf2de6c94a3d1.jpg,incorreto,0.909721922089925,0.277992277992278,1532,11.824733257293701,"(152, 43, 448, 267)","(256, 128, 448, 224)"
PCP-6336_jpg.rf.13e18e411cd0b2e640ee114222aa3127.jpg,incorreto,1.0155509664410185,0.38162544169611307,1532,11.720012187957764,"(100, 383, 472, 551)","(256, 416, 480, 528)"
191_jpg.rf.b1572e565b1efefc4b1d221ba262fba2.jpg,incorreto,0.24222913123817402,0.0,1532,11.757742404937744,"(413, 311, 464, 342)","(384, 160, 512, 224)"
PGB-1322-3-_jpg.rf.6572eb11ae498e076d219b90894a8342.jpg,correto,1.0428157093385866,0.6629863073244947,1532,11.52552056312561,"(170, 274, 487, 412)","(160, 288, 416, 416)"
treino-135-_jpg.rf.a259af985a115ac49fbb628a0732e62f.jpg,correto,1.3951985049605131,0.8563232421875,1532,11.754481554031372,"(293, 448, 408, 509)","(288, 448, 416, 512)"
841_jpg.rf.74422890b476c89abb33af3ab87af11f.jpg,incorreto,0.17620892695420454,0.0,1532,11.83382773399353,"(351, 171, 404, 215)","(320, 96, 448, 160)"
815_jpg.rf.7ea4253e6b3005d5a572a119708d2e9c.jpg,incorreto,0.20594139146817536,0.48721804511278194,1532,11.691789388656616,"(202, 154, 258, 213)","(160, 160, 256, 208)"
